LECROYWR610Zi,62129,Waveform
Segments,1,SegmentSize,5002
Segment,TrigTime,TimeSinceSegment1
#1,11-Nov-2021 10:54:01,0                 
Time,Ampl
-2.500432,4.99256
-2.499432,4.95935
-2.498432,4.99256
-2.497432,4.99256
-2.496432,4.99256
-2.495432,5.02577
-2.494432,4.99256
-2.493432,4.99256
-2.492432,4.99256
-2.491432,4.99256
-2.490432,4.99256
-2.489432,5.02577
-2.488432,4.99256
-2.487432,4.99256
-2.486432,5.02577
-2.485432,4.99256
-2.484432,5.02577
-2.483432,4.99256
-2.482432,4.99256
-2.481432,4.95935
-2.480432,4.99256
-2.479432,5.05898
-2.478432,4.95935
-2.477432,4.99256
-2.476432,5.02577
-2.475432,4.99256
-2.474432,4.99256
-2.473432,5.02577
-2.472432,4.99256
-2.471432,5.02577
-2.470432,4.95935
-2.469432,4.95935
-2.468432,4.99256
-2.467432,4.99256
-2.466432,4.95935
-2.465432,4.99256
-2.464432,4.99256
-2.463432,4.99256
-2.462432,4.92614
-2.461432,4.92614
-2.460432,4.95935
-2.459432,4.99256
-2.458432,4.99256
-2.457432,4.99256
-2.456432,4.99256
-2.455432,4.99256
-2.454432,5.02577
-2.453432,4.95935
-2.452432,4.95935
-2.451432,5.02577
-2.450432,4.92614
-2.449432,4.99256
-2.448432,4.99256
-2.447432,4.99256
-2.446432,4.99256
-2.445432,4.99256
-2.444432,5.02577
-2.443432,4.99256
-2.442432,4.95935
-2.441432,4.99256
-2.440432,4.99256
-2.439432,5.02577
-2.438432,4.99256
-2.437432,5.02577
-2.436432,4.99256
-2.435432,5.02577
-2.434432,4.95935
-2.433432,4.99256
-2.432432,5.02577
-2.431432,4.99256
-2.430432,4.99256
-2.429432,4.99256
-2.428432,4.99256
-2.427432,4.99256
-2.426432,5.02577
-2.425432,4.99256
-2.424432,4.99256
-2.423432,4.99256
-2.422432,5.02577
-2.421432,4.99256
-2.420432,4.99256
-2.419432,4.99256
-2.418432,4.99256
-2.417432,4.95935
-2.416432,4.99256
-2.415432,4.95935
-2.414432,5.02577
-2.413432,4.99256
-2.412432,4.92614
-2.411432,4.99256
-2.410432,4.99256
-2.409432,4.99256
-2.408432,4.99256
-2.407432,4.99256
-2.406432,4.99256
-2.405432,4.99256
-2.404432,5.02577
-2.403432,4.95935
-2.402432,4.99256
-2.401432,4.99256
-2.400432,4.99256
-2.399432,4.99256
-2.398432,4.99256
-2.397432,5.02577
-2.396432,4.99256
-2.395432,4.99256
-2.394432,5.02577
-2.393432,4.99256
-2.392432,4.99256
-2.391432,4.99256
-2.390432,4.99256
-2.389432,5.02577
-2.388432,4.99256
-2.387432,4.99256
-2.386432,5.02577
-2.385432,4.95935
-2.384432,4.95935
-2.383432,4.99256
-2.382432,0.110786
-2.381432,0.0443677
-2.380432,0.077577
-2.379432,0.0111583
-2.378432,0.0443677
-2.377432,0.0443677
-2.376432,0.0443677
-2.375432,0.0111583
-2.374432,0.0443677
-2.373432,0.0111583
-2.372432,0.0443677
-2.371432,0.0443677
-2.370432,0.0111583
-2.369432,0.0111583
-2.368432,0.0111583
-2.367432,0.0443677
-2.366432,0.0111583
-2.365432,0.0111583
-2.364432,0.0111583
-2.363432,0.0111583
-2.362432,0.0111583
-2.361432,0.0111583
-2.360432,0.0111583
-2.359432,4.89293
-2.358432,4.89293
-2.357432,4.89293
-2.356432,4.89293
-2.355432,4.92614
-2.354432,4.95935
-2.353432,4.95935
-2.352432,4.99256
-2.351432,4.99256
-2.350432,4.95935
-2.349432,4.99256
-2.348432,4.92614
-2.347432,4.95935
-2.346432,4.99256
-2.345432,4.99256
-2.344432,4.99256
-2.343432,4.99256
-2.342432,5.02577
-2.341432,5.02577
-2.340432,4.95935
-2.339432,4.95935
-2.338432,5.02577
-2.337432,5.02577
-2.336432,4.99256
-2.335432,4.99256
-2.334432,4.99256
-2.333432,4.95935
-2.332432,5.02577
-2.331432,5.02577
-2.330432,4.95935
-2.329432,4.99256
-2.328432,4.99256
-2.327432,4.99256
-2.326432,4.99256
-2.325432,4.99256
-2.324432,4.99256
-2.323432,5.02577
-2.322432,4.95935
-2.321432,5.02577
-2.320432,4.95935
-2.319432,4.95935
-2.318432,4.99256
-2.317432,4.99256
-2.316432,4.95935
-2.315432,4.99256
-2.314432,4.95935
-2.313432,5.02577
-2.312432,4.99256
-2.311432,4.99256
-2.310432,4.99256
-2.309432,4.99256
-2.308432,4.99256
-2.307432,5.02577
-2.306432,4.99256
-2.305432,5.02577
-2.304432,4.99256
-2.303432,4.99256
-2.302432,4.99256
-2.301432,4.99256
-2.300432,4.99256
-2.299432,4.99256
-2.298432,4.99256
-2.297432,4.99256
-2.296432,5.05898
-2.295432,4.99256
-2.294432,4.99256
-2.293432,4.95935
-2.292432,4.99256
-2.291432,4.99256
-2.290432,4.99256
-2.289432,4.99256
-2.288432,4.99256
-2.287432,4.99256
-2.286432,4.99256
-2.285432,4.99256
-2.284432,4.99256
-2.283432,4.99256
-2.282432,4.99256
-2.281432,5.02577
-2.280432,4.99256
-2.279432,4.99256
-2.278432,4.99256
-2.277432,4.99256
-2.276432,5.02577
-2.275432,4.99256
-2.274432,4.92614
-2.273432,4.99256
-2.272432,4.99256
-2.271432,4.95935
-2.270432,5.02577
-2.269432,4.99256
-2.268432,4.99256
-2.267432,4.99256
-2.266432,4.99256
-2.265432,5.02577
-2.264432,4.99256
-2.263432,4.99256
-2.262432,4.99256
-2.261432,5.02577
-2.260432,4.95935
-2.259432,4.99256
-2.258432,4.99256
-2.257432,4.99256
-2.256432,4.99256
-2.255432,4.99256
-2.254432,4.99256
-2.253432,5.02577
-2.252432,4.95935
-2.251432,4.99256
-2.250432,4.99256
-2.249432,4.99256
-2.248432,4.99256
-2.247432,4.99256
-2.246432,4.99256
-2.245432,4.95935
-2.244432,4.99256
-2.243432,4.99256
-2.242432,0.0443677
-2.241432,0.077577
-2.240432,0.0443677
-2.239432,0.077577
-2.238432,0.0443677
-2.237432,0.0443677
-2.236432,0.0443677
-2.235432,0.0443677
-2.234432,0.0443677
-2.233432,0.0443677
-2.232432,0.0111583
-2.231432,0.0111583
-2.230432,0.0111583
-2.229432,0.0111583
-2.228432,0.0111583
-2.227432,0.0111583
-2.226432,0.0443677
-2.225432,0.0111583
-2.224432,0.0111583
-2.223432,0.0111583
-2.222432,0.0111583
-2.221432,-0.0552604
-2.220432,0.0111583
-2.219432,0.0443677
-2.218432,0.0111583
-2.217432,0.0111583
-2.216432,0.0111583
-2.215432,0.0443677
-2.214432,0.0111583
-2.213432,-0.022051
-2.212432,0.0111583
-2.211432,0.0111583
-2.210432,0.077577
-2.209432,0.0111583
-2.208432,0.0111583
-2.207432,0.0443677
-2.206432,0.0111583
-2.205432,0.0111583
-2.204432,0.0111583
-2.203432,0.0111583
-2.202432,0.0443677
-2.201432,0.0111583
-2.200432,0.0111583
-2.199432,0.0111583
-2.198432,0.0111583
-2.197432,0.0111583
-2.196432,0.0111583
-2.195432,0.0111583
-2.194432,-0.022051
-2.193432,0.0111583
-2.192432,-0.022051
-2.191432,0.0111583
-2.190432,0.0443677
-2.189432,0.0111583
-2.188432,0.0111583
-2.187432,0.0111583
-2.186432,0.0111583
-2.185432,0.0443677
-2.184432,0.0111583
-2.183432,0.0111583
-2.182432,0.0111583
-2.181432,0.0111583
-2.180432,0.0111583
-2.179432,0.0111583
-2.178432,0.0111583
-2.177432,0.0111583
-2.176432,0.0111583
-2.175432,0.0111583
-2.174432,0.0111583
-2.173432,0.0111583
-2.172432,0.0111583
-2.171432,0.0111583
-2.170432,0.0111583
-2.169432,0.0111583
-2.168432,4.7933
-2.167432,4.92614
-2.166432,4.95935
-2.165432,4.92614
-2.164432,4.99256
-2.163432,4.89293
-2.162432,4.92614
-2.161432,4.95935
-2.160432,4.95935
-2.159432,4.99256
-2.158432,4.99256
-2.157432,4.95935
-2.156432,4.95935
-2.155432,4.99256
-2.154432,4.99256
-2.153432,5.02577
-2.152432,4.99256
-2.151432,4.99256
-2.150432,4.99256
-2.149432,4.99256
-2.148432,4.95935
-2.147432,4.99256
-2.146432,5.05898
-2.145432,4.99256
-2.144432,4.99256
-2.143432,5.02577
-2.142432,4.99256
-2.141432,4.99256
-2.140432,4.99256
-2.139432,4.99256
-2.138432,4.99256
-2.137432,4.99256
-2.136432,4.99256
-2.135432,4.92614
-2.134432,4.99256
-2.133432,4.99256
-2.132432,4.99256
-2.131432,4.99256
-2.130432,4.99256
-2.129432,4.99256
-2.128432,4.99256
-2.127432,4.95935
-2.126432,5.02577
-2.125432,4.99256
-2.124432,4.99256
-2.123432,4.99256
-2.122432,5.02577
-2.121432,4.99256
-2.120432,4.99256
-2.119432,4.99256
-2.118432,4.99256
-2.117432,4.95935
-2.116432,4.99256
-2.115432,5.02577
-2.114432,4.99256
-2.113432,4.95935
-2.112432,4.99256
-2.111432,4.99256
-2.110432,5.02577
-2.109432,4.99256
-2.108432,4.99256
-2.107432,4.99256
-2.106432,4.99256
-2.105432,5.02577
-2.104432,4.99256
-2.103432,0.110786
-2.102432,0.077577
-2.101432,0.110786
-2.100432,0.110786
-2.099432,0.077577
-2.098432,0.110786
-2.097432,0.0443677
-2.096432,0.0111583
-2.095432,0.0443677
-2.094432,0.0443677
-2.093432,-0.022051
-2.092432,0.0111583
-2.091432,0.0443677
-2.090432,0.0111583
-2.089432,0.0111583
-2.088432,0.077577
-2.087432,0.0111583
-2.086432,0.077577
-2.085432,0.0111583
-2.084432,0.0111583
-2.083432,0.0443677
-2.082432,0.0443677
-2.081432,0.0111583
-2.080432,0.0111583
-2.079432,0.0111583
-2.078432,0.0111583
-2.077432,0.0443677
-2.076432,-0.022051
-2.075432,0.0111583
-2.074432,-0.022051
-2.073432,0.0111583
-2.072432,0.0111583
-2.071432,0.0443677
-2.070432,0.0111583
-2.069432,0.0111583
-2.068432,0.0111583
-2.067432,0.0111583
-2.066432,-0.022051
-2.065432,4.92614
-2.064432,4.89293
-2.063432,4.92614
-2.062432,4.92614
-2.061432,4.89293
-2.060432,4.95935
-2.059432,4.99256
-2.058432,4.95935
-2.057432,4.95935
-2.056432,4.95935
-2.055432,4.95935
-2.054432,4.95935
-2.053432,4.92614
-2.052432,4.99256
-2.051432,4.95935
-2.050432,4.99256
-2.049432,4.92614
-2.048432,4.99256
-2.047432,0.243624
-2.046432,0.0443677
-2.045432,0.0443677
-2.044432,0.0443677
-2.043432,0.0443677
-2.042432,0.0443677
-2.041432,0.077577
-2.040432,0.0111583
-2.039432,0.077577
-2.038432,0.0443677
-2.037432,0.0443677
-2.036432,0.0443677
-2.035432,0.0111583
-2.034432,0.0111583
-2.033432,0.0111583
-2.032432,0.0111583
-2.031432,0.0111583
-2.030432,0.0111583
-2.029432,0.0443677
-2.028432,0.0111583
-2.027432,0.0111583
-2.026432,0.0111583
-2.025432,0.0111583
-2.024432,0.0111583
-2.023432,0.0443677
-2.022432,0.0111583
-2.021432,0.077577
-2.020432,0.0111583
-2.019432,0.0111583
-2.018432,0.0111583
-2.017432,0.0111583
-2.016432,0.0111583
-2.015432,0.0111583
-2.014432,0.0443677
-2.013432,0.0111583
-2.012432,0.0443677
-2.011432,0.0111583
-2.010432,-0.022051
-2.009432,0.0111583
-2.008432,0.0443677
-2.007432,0.0443677
-2.006432,0.0111583
-2.005432,0.0111583
-2.004432,0.0111583
-2.003432,0.0443677
-2.002432,0.077577
-2.001432,0.0111583
-2.000432,0.0111583
-1.999432,0.0111583
-1.998432,0.0443677
-1.997432,0.0111583
-1.996432,0.0111583
-1.995432,0.0111583
-1.994432,0.0443677
-1.993432,0.0111583
-1.992432,0.0111583
-1.991432,0.0111583
-1.990432,0.0443677
-1.989432,0.0111583
-1.988432,0.0111583
-1.987432,-0.022051
-1.986432,0.0443677
-1.985432,0.0111583
-1.984432,0.0111583
-1.983432,4.92614
-1.982432,4.92614
-1.981432,4.89293
-1.980432,4.92614
-1.979432,4.92614
-1.978432,4.99256
-1.977432,4.95935
-1.976432,4.95935
-1.975432,4.95935
-1.974432,4.92614
-1.973432,4.99256
-1.972432,4.99256
-1.971432,4.99256
-1.970432,4.95935
-1.969432,4.99256
-1.968432,4.99256
-1.967432,4.95935
-1.966432,4.99256
-1.965432,4.95935
-1.964432,4.99256
-1.963432,4.99256
-1.962432,4.99256
-1.961432,4.99256
-1.960432,4.99256
-1.959432,4.92614
-1.958432,5.02577
-1.957432,4.99256
-1.956432,4.99256
-1.955432,0.110786
-1.954432,0.0443677
-1.953432,0.077577
-1.952432,0.0443677
-1.951432,0.077577
-1.950432,0.077577
-1.949432,0.0111583
-1.948432,0.0111583
-1.947432,0.0443677
-1.946432,0.0443677
-1.945432,0.0443677
-1.944432,0.0111583
-1.943432,0.0111583
-1.942432,0.0111583
-1.941432,0.0443677
-1.940432,0.0443677
-1.939432,0.0111583
-1.938432,0.0111583
-1.937432,0.0111583
-1.936432,0.0111583
-1.935432,0.0111583
-1.934432,0.0111583
-1.933432,0.0111583
-1.932432,-0.022051
-1.931432,0.0443677
-1.930432,0.0111583
-1.929432,0.077577
-1.928432,0.0111583
-1.927432,0.0111583
-1.926432,0.0111583
-1.925432,0.0111583
-1.924432,0.0111583
-1.923432,0.0111583
-1.922432,0.077577
-1.921432,0.0111583
-1.920432,-0.022051
-1.919432,0.0111583
-1.918432,0.0111583
-1.917432,-0.022051
-1.916432,4.89293
-1.915432,4.92614
-1.914432,4.92614
-1.913432,4.95935
-1.912432,4.95935
-1.911432,4.92614
-1.910432,4.92614
-1.909432,4.95935
-1.908432,0.110786
-1.907432,0.0443677
-1.906432,0.077577
-1.905432,0.0443677
-1.904432,0.077577
-1.903432,0.0111583
-1.902432,0.077577
-1.901432,0.0443677
-1.900432,0.0111583
-1.899432,0.0111583
-1.898432,0.0111583
-1.897432,0.0443677
-1.896432,0.0111583
-1.895432,0.0111583
-1.894432,0.0443677
-1.893432,0.0111583
-1.892432,0.0111583
-1.891432,0.0111583
-1.890432,0.0111583
-1.889432,0.0111583
-1.888432,0.0443677
-1.887432,0.0111583
-1.886432,0.0111583
-1.885432,0.0111583
-1.884432,0.0111583
-1.883432,0.0443677
-1.882432,0.0111583
-1.881432,-0.022051
-1.880432,0.0111583
-1.879432,0.0111583
-1.878432,0.0443677
-1.877432,0.0111583
-1.876432,0.0111583
-1.875432,0.0443677
-1.874432,0.0111583
-1.873432,0.0111583
-1.872432,-0.022051
-1.871432,0.0111583
-1.870432,0.0111583
-1.869432,0.0111583
-1.868432,0.0111583
-1.867432,0.0443677
-1.866432,0.0443677
-1.865432,-0.022051
-1.864432,0.0111583
-1.863432,0.0111583
-1.862432,0.0111583
-1.861432,0.0111583
-1.860432,0.077577
-1.859432,0.0443677
-1.858432,-0.022051
-1.857432,0.0443677
-1.856432,0.077577
-1.855432,-0.022051
-1.854432,0.0111583
-1.853432,0.0443677
-1.852432,0.0111583
-1.851432,0.0111583
-1.850432,0.0111583
-1.849432,0.0111583
-1.848432,0.0443677
-1.847432,0.0111583
-1.846432,0.0111583
-1.845432,0.0111583
-1.844432,0.0111583
-1.843432,0.0111583
-1.842432,0.0111583
-1.841432,0.0111583
-1.840432,0.0443677
-1.839432,0.0111583
-1.838432,0.0443677
-1.837432,0.0111583
-1.836432,0.0111583
-1.835432,0.0111583
-1.834432,-0.022051
-1.833432,0.0111583
-1.832432,0.0443677
-1.831432,0.0111583
-1.830432,0.0111583
-1.829432,0.0443677
-1.828432,0.0111583
-1.827432,0.0111583
-1.826432,0.0111583
-1.825432,0.0111583
-1.824432,0.0111583
-1.823432,0.0111583
-1.822432,4.89293
-1.821432,4.92614
-1.820432,4.92614
-1.819432,4.95935
-1.818432,4.92614
-1.817432,4.92614
-1.816432,4.99256
-1.815432,4.95935
-1.814432,4.92614
-1.813432,4.92614
-1.812432,4.99256
-1.811432,4.99256
-1.810432,4.99256
-1.809432,4.99256
-1.808432,4.99256
-1.807432,4.95935
-1.806432,4.99256
-1.805432,5.02577
-1.804432,4.99256
-1.803432,4.99256
-1.802432,0.110786
-1.801432,0.077577
-1.800432,0.0111583
-1.799432,0.0443677
-1.798432,0.077577
-1.797432,0.0443677
-1.796432,0.0111583
-1.795432,0.077577
-1.794432,0.0443677
-1.793432,0.0111583
-1.792432,0.0111583
-1.791432,0.0111583
-1.790432,4.89293
-1.789432,4.92614
-1.788432,4.92614
-1.787432,4.92614
-1.786432,4.92614
-1.785432,4.95935
-1.784432,4.95935
-1.783432,4.95935
-1.782432,4.99256
-1.781432,4.99256
-1.780432,4.99256
-1.779432,4.99256
-1.778432,4.99256
-1.777432,4.99256
-1.776432,4.99256
-1.775432,4.99256
-1.774432,5.02577
-1.773432,4.99256
-1.772432,4.99256
-1.771432,4.99256
-1.770432,4.99256
-1.769432,4.99256
-1.768432,4.99256
-1.767432,5.02577
-1.766432,4.99256
-1.765432,4.99256
-1.764432,4.99256
-1.763432,4.99256
-1.762432,4.99256
-1.761432,4.99256
-1.760432,4.99256
-1.759432,4.99256
-1.758432,4.99256
-1.757432,4.99256
-1.756432,4.99256
-1.755432,5.02577
-1.754432,4.99256
-1.753432,5.02577
-1.752432,4.99256
-1.751432,4.99256
-1.750432,4.99256
-1.749432,5.05898
-1.748432,4.99256
-1.747432,4.99256
-1.746432,4.99256
-1.745432,4.99256
-1.744432,5.02577
-1.743432,5.02577
-1.742432,5.02577
-1.741432,5.02577
-1.740432,4.99256
-1.739432,4.99256
-1.738432,4.92614
-1.737432,4.99256
-1.736432,4.99256
-1.735432,4.99256
-1.734432,4.95935
-1.733432,4.99256
-1.732432,4.99256
-1.731432,5.02577
-1.730432,4.99256
-1.729432,4.99256
-1.728432,4.99256
-1.727432,4.99256
-1.726432,4.99256
-1.725432,4.99256
-1.724432,4.99256
-1.723432,4.99256
-1.722432,4.99256
-1.721432,4.99256
-1.720432,4.99256
-1.719432,4.99256
-1.718432,4.92614
-1.717432,4.99256
-1.716432,4.99256
-1.715432,4.99256
-1.714432,4.99256
-1.713432,4.99256
-1.712432,4.99256
-1.711432,4.99256
-1.710432,5.02577
-1.709432,4.99256
-1.708432,4.99256
-1.707432,4.99256
-1.706432,4.99256
-1.705432,4.99256
-1.704432,4.99256
-1.703432,4.99256
-1.702432,4.99256
-1.701432,4.95935
-1.700432,4.99256
-1.699432,4.99256
-1.698432,4.99256
-1.697432,4.99256
-1.696432,4.99256
-1.695432,4.99256
-1.694432,4.99256
-1.693432,5.02577
-1.692432,5.02577
-1.691432,4.99256
-1.690432,4.95935
-1.689432,4.99256
-1.688432,5.02577
-1.687432,5.02577
-1.686432,4.99256
-1.685432,4.99256
-1.684432,4.99256
-1.683432,4.99256
-1.682432,5.02577
-1.681432,4.99256
-1.680432,4.99256
-1.679432,4.99256
-1.678432,4.99256
-1.677432,4.99256
-1.676432,5.02577
-1.675432,4.99256
-1.674432,4.92614
-1.673432,4.99256
-1.672432,4.95935
-1.671432,4.99256
-1.670432,4.95935
-1.669432,4.99256
-1.668432,4.99256
-1.667432,4.99256
-1.666432,4.99256
-1.665432,4.99256
-1.664432,4.99256
-1.663432,4.95935
-1.662432,4.99256
-1.661432,4.99256
-1.660432,4.95935
-1.659432,4.99256
-1.658432,5.02577
-1.657432,4.99256
-1.656432,4.99256
-1.655432,4.99256
-1.654432,4.95935
-1.653432,4.99256
-1.652432,4.99256
-1.651432,4.99256
-1.650432,4.99256
-1.649432,4.99256
-1.648432,4.99256
-1.647432,4.99256
-1.646432,4.99256
-1.645432,4.99256
-1.644432,4.99256
-1.643432,4.99256
-1.642432,4.99256
-1.641432,4.99256
-1.640432,4.99256
-1.639432,4.99256
-1.638432,4.95935
-1.637432,4.95935
-1.636432,4.99256
-1.635432,5.02577
-1.634432,4.95935
-1.633432,4.95935
-1.632432,5.02577
-1.631432,4.99256
-1.630432,5.02577
-1.629432,4.99256
-1.628432,4.95935
-1.627432,5.02577
-1.626432,4.99256
-1.625432,4.92614
-1.624432,4.99256
-1.623432,4.99256
-1.622432,4.99256
-1.621432,5.02577
-1.620432,4.99256
-1.619432,5.02577
-1.618432,4.99256
-1.617432,5.02577
-1.616432,4.99256
-1.615432,4.99256
-1.614432,4.99256
-1.613432,4.99256
-1.612432,5.02577
-1.611432,4.99256
-1.610432,4.99256
-1.609432,4.99256
-1.608432,4.99256
-1.607432,4.99256
-1.606432,4.99256
-1.605432,4.99256
-1.604432,4.99256
-1.603432,4.99256
-1.602432,5.05898
-1.601432,4.99256
-1.600432,4.95935
-1.599432,5.02577
-1.598432,4.99256
-1.597432,4.95935
-1.596432,4.99256
-1.595432,5.02577
-1.594432,4.99256
-1.593432,4.99256
-1.592432,4.99256
-1.591432,4.95935
-1.590432,4.99256
-1.589432,4.99256
-1.588432,4.99256
-1.587432,4.99256
-1.586432,4.99256
-1.585432,4.92614
-1.584432,4.99256
-1.583432,4.99256
-1.582432,4.99256
-1.581432,4.99256
-1.580432,4.99256
-1.579432,4.99256
-1.578432,4.99256
-1.577432,5.02577
-1.576432,4.99256
-1.575432,4.95935
-1.574432,4.99256
-1.573432,4.99256
-1.572432,4.99256
-1.571432,4.99256
-1.570432,4.99256
-1.569432,4.99256
-1.568432,4.99256
-1.567432,4.99256
-1.566432,4.99256
-1.565432,5.02577
-1.564432,4.99256
-1.563432,5.02577
-1.562432,4.99256
-1.561432,4.99256
-1.560432,4.95935
-1.559432,4.99256
-1.558432,4.99256
-1.557432,4.99256
-1.556432,4.99256
-1.555432,5.02577
-1.554432,4.95935
-1.553432,4.99256
-1.552432,4.99256
-1.551432,4.99256
-1.550432,5.02577
-1.549432,4.99256
-1.548432,4.95935
-1.547432,4.99256
-1.546432,4.99256
-1.545432,5.02577
-1.544432,4.99256
-1.543432,4.99256
-1.542432,4.95935
-1.541432,4.99256
-1.540432,4.99256
-1.539432,4.99256
-1.538432,4.99256
-1.537432,5.02577
-1.536432,4.99256
-1.535432,4.99256
-1.534432,4.99256
-1.533432,4.99256
-1.532432,4.99256
-1.531432,4.99256
-1.530432,5.02577
-1.529432,4.99256
-1.528432,4.95935
-1.527432,4.99256
-1.526432,4.99256
-1.525432,4.99256
-1.524432,4.99256
-1.523432,4.99256
-1.522432,4.99256
-1.521432,4.99256
-1.520432,5.02577
-1.519432,4.99256
-1.518432,4.99256
-1.517432,4.99256
-1.516432,4.99256
-1.515432,4.99256
-1.514432,4.99256
-1.513432,4.99256
-1.512432,4.99256
-1.511432,4.99256
-1.510432,5.02577
-1.509432,4.99256
-1.508432,4.99256
-1.507432,4.99256
-1.506432,4.99256
-1.505432,4.99256
-1.504432,4.99256
-1.503432,4.99256
-1.502432,4.99256
-1.501432,5.02577
-1.500432,4.99256
-1.499432,4.99256
-1.498432,4.99256
-1.497432,4.92614
-1.496432,5.02577
-1.495432,5.02577
-1.494432,4.99256
-1.493432,4.95935
-1.492432,4.99256
-1.491432,4.99256
-1.490432,4.95935
-1.489432,4.99256
-1.488432,4.99256
-1.487432,4.95935
-1.486432,4.95935
-1.485432,4.99256
-1.484432,4.95935
-1.483432,0.077577
-1.482432,0.077577
-1.481432,0.077577
-1.480432,0.0443677
-1.479432,0.0443677
-1.478432,0.0111583
-1.477432,0.0443677
-1.476432,0.0443677
-1.475432,0.0443677
-1.474432,0.0443677
-1.473432,0.077577
-1.472432,0.0111583
-1.471432,0.0443677
-1.470432,0.077577
-1.469432,0.0443677
-1.468432,0.0111583
-1.467432,0.0111583
-1.466432,0.0111583
-1.465432,0.0111583
-1.464432,0.0111583
-1.463432,0.0111583
-1.462432,0.0111583
-1.461432,0.0111583
-1.460432,0.0111583
-1.459432,0.0111583
-1.458432,0.0443677
-1.457432,0.0443677
-1.456432,0.0111583
-1.455432,0.0111583
-1.454432,0.0443677
-1.453432,0.0443677
-1.452432,0.0111583
-1.451432,0.0111583
-1.450432,0.077577
-1.449432,0.0443677
-1.448432,0.0443677
-1.447432,0.077577
-1.446432,0.0111583
-1.445432,0.0111583
-1.444432,0.0111583
-1.443432,0.0111583
-1.442432,0.0443677
-1.441432,-0.022051
-1.440432,-0.022051
-1.439432,-0.022051
-1.438432,0.0111583
-1.437432,0.0111583
-1.436432,4.92614
-1.435432,4.89293
-1.434432,4.92614
-1.433432,4.95935
-1.432432,4.95935
-1.431432,4.95935
-1.430432,4.99256
-1.429432,4.95935
-1.428432,4.99256
-1.427432,4.99256
-1.426432,4.95935
-1.425432,4.99256
-1.424432,4.99256
-1.423432,4.99256
-1.422432,4.95935
-1.421432,4.99256
-1.420432,4.99256
-1.419432,4.99256
-1.418432,4.99256
-1.417432,4.99256
-1.416432,4.95935
-1.415432,4.99256
-1.414432,4.99256
-1.413432,4.99256
-1.412432,4.99256
-1.411432,4.99256
-1.410432,4.99256
-1.409432,4.99256
-1.408432,4.99256
-1.407432,4.99256
-1.406432,4.95935
-1.405432,4.99256
-1.404432,4.95935
-1.403432,4.99256
-1.402432,5.02577
-1.401432,4.99256
-1.400432,4.99256
-1.399432,4.99256
-1.398432,4.99256
-1.397432,4.92614
-1.396432,4.99256
-1.395432,4.99256
-1.394432,4.99256
-1.393432,5.02577
-1.392432,5.02577
-1.391432,4.99256
-1.390432,4.99256
-1.389432,4.99256
-1.388432,4.99256
-1.387432,4.95935
-1.386432,4.99256
-1.385432,4.99256
-1.384432,4.99256
-1.383432,4.99256
-1.382432,4.99256
-1.381432,4.99256
-1.380432,4.99256
-1.379432,4.95935
-1.378432,4.99256
-1.377432,4.99256
-1.376432,4.99256
-1.375432,5.02577
-1.374432,5.05898
-1.373432,4.99256
-1.372432,4.99256
-1.371432,4.99256
-1.370432,4.95935
-1.369432,4.99256
-1.368432,4.99256
-1.367432,4.99256
-1.366432,4.95935
-1.365432,5.02577
-1.364432,5.02577
-1.363432,4.99256
-1.362432,4.95935
-1.361432,4.99256
-1.360432,4.99256
-1.359432,5.02577
-1.358432,4.99256
-1.357432,4.99256
-1.356432,4.99256
-1.355432,5.02577
-1.354432,4.95935
-1.353432,4.99256
-1.352432,4.99256
-1.351432,5.02577
-1.350432,4.99256
-1.349432,4.99256
-1.348432,5.02577
-1.347432,4.99256
-1.346432,4.95935
-1.345432,4.99256
-1.344432,5.02577
-1.343432,4.99256
-1.342432,4.99256
-1.341432,4.95935
-1.340432,5.02577
-1.339432,4.99256
-1.338432,4.99256
-1.337432,4.99256
-1.336432,4.95935
-1.335432,5.02577
-1.334432,4.99256
-1.333432,4.99256
-1.332432,4.99256
-1.331432,4.99256
-1.330432,4.99256
-1.329432,4.99256
-1.328432,4.92614
-1.327432,4.99256
-1.326432,4.95935
-1.325432,4.95935
-1.324432,5.02577
-1.323432,5.02577
-1.322432,4.99256
-1.321432,4.99256
-1.320432,4.95935
-1.319432,4.99256
-1.318432,4.99256
-1.317432,4.99256
-1.316432,4.99256
-1.315432,4.99256
-1.314432,4.92614
-1.313432,4.99256
-1.312432,4.99256
-1.311432,4.99256
-1.310432,4.99256
-1.309432,4.99256
-1.308432,4.95935
-1.307432,4.99256
-1.306432,4.99256
-1.305432,4.95935
-1.304432,4.99256
-1.303432,4.99256
-1.302432,4.99256
-1.301432,4.95935
-1.300432,4.99256
-1.299432,4.99256
-1.298432,4.99256
-1.297432,4.99256
-1.296432,4.99256
-1.295432,4.99256
-1.294432,4.99256
-1.293432,4.99256
-1.292432,4.99256
-1.291432,4.99256
-1.290432,4.99256
-1.289432,4.99256
-1.288432,4.99256
-1.287432,4.99256
-1.286432,4.99256
-1.285432,4.99256
-1.284432,4.95935
-1.283432,4.99256
-1.282432,4.99256
-1.281432,5.02577
-1.280432,4.99256
-1.279432,5.02577
-1.278432,4.99256
-1.277432,4.99256
-1.276432,4.99256
-1.275432,4.99256
-1.274432,4.99256
-1.273432,5.02577
-1.272432,4.99256
-1.271432,4.99256
-1.270432,4.99256
-1.269432,0.110786
-1.268432,0.077577
-1.267432,0.077577
-1.266432,0.077577
-1.265432,0.0443677
-1.264432,0.077577
-1.263432,0.0443677
-1.262432,0.0111583
-1.261432,0.0111583
-1.260432,0.0443677
-1.259432,0.0111583
-1.258432,0.0443677
-1.257432,0.0443677
-1.256432,0.0111583
-1.255432,0.0443677
-1.254432,0.0111583
-1.253432,0.0443677
-1.252432,0.0443677
-1.251432,4.7933
-1.250432,4.92614
-1.249432,4.92614
-1.248432,4.92614
-1.247432,4.92614
-1.246432,4.99256
-1.245432,4.95935
-1.244432,4.99256
-1.243432,4.92614
-1.242432,4.99256
-1.241432,4.99256
-1.240432,4.99256
-1.239432,4.99256
-1.238432,4.95935
-1.237432,4.95935
-1.236432,4.99256
-1.235432,4.99256
-1.234432,4.99256
-1.233432,4.99256
-1.232432,4.99256
-1.231432,4.95935
-1.230432,4.99256
-1.229432,4.99256
-1.228432,5.02577
-1.227432,4.99256
-1.226432,4.99256
-1.225432,4.99256
-1.224432,4.99256
-1.223432,4.99256
-1.222432,5.02577
-1.221432,4.99256
-1.220432,5.02577
-1.219432,4.99256
-1.218432,4.99256
-1.217432,4.99256
-1.216432,4.95935
-1.215432,4.99256
-1.214432,4.95935
-1.213432,4.99256
-1.212432,4.92614
-1.211432,0.077577
-1.210432,0.0443677
-1.209432,0.0443677
-1.208432,0.0443677
-1.207432,0.077577
-1.206432,0.0111583
-1.205432,0.0111583
-1.204432,0.0111583
-1.203432,0.077577
-1.202432,0.0111583
-1.201432,0.0111583
-1.200432,0.0443677
-1.199432,0.0111583
-1.198432,0.0443677
-1.197432,0.0111583
-1.196432,0.077577
-1.195432,0.0111583
-1.194432,0.0111583
-1.193432,0.0443677
-1.192432,0.0111583
-1.191432,0.0111583
-1.190432,0.0111583
-1.189432,0.0111583
-1.188432,0.0443677
-1.187432,0.0111583
-1.186432,0.0111583
-1.185432,0.0111583
-1.184432,0.0111583
-1.183432,0.0111583
-1.182432,0.0111583
-1.181432,0.0443677
-1.180432,0.0111583
-1.179432,0.0111583
-1.178432,0.0111583
-1.177432,-0.022051
-1.176432,0.0111583
-1.175432,0.0111583
-1.174432,0.0111583
-1.173432,0.0443677
-1.172432,0.0111583
-1.171432,0.0443677
-1.170432,0.0111583
-1.169432,0.0111583
-1.168432,0.0111583
-1.167432,0.0111583
-1.166432,0.0111583
-1.165432,0.0111583
-1.164432,0.0111583
-1.163432,-0.022051
-1.162432,0.0111583
-1.161432,0.0111583
-1.160432,0.0111583
-1.159432,0.0111583
-1.158432,0.0443677
-1.157432,0.0111583
-1.156432,0.0443677
-1.155432,0.0443677
-1.154432,0.0111583
-1.153432,0.0443677
-1.152432,0.0111583
-1.151432,0.0111583
-1.150432,0.0443677
-1.149432,0.0111583
-1.148432,0.0111583
-1.147432,0.0111583
-1.146432,0.0443677
-1.145432,0.0443677
-1.144432,0.0443677
-1.143432,4.92614
-1.142432,4.92614
-1.141432,4.92614
-1.140432,4.92614
-1.139432,4.92614
-1.138432,4.99256
-1.137432,4.92614
-1.136432,4.95935
-1.135432,4.95935
-1.134432,4.99256
-1.133432,4.99256
-1.132432,4.95935
-1.131432,4.92614
-1.130432,4.95935
-1.129432,4.99256
-1.128432,4.99256
-1.127432,4.99256
-1.126432,4.99256
-1.125432,4.99256
-1.124432,4.99256
-1.123432,4.95935
-1.122432,4.95935
-1.121432,4.99256
-1.120432,4.99256
-1.119432,5.05898
-1.118432,4.99256
-1.117432,4.95935
-1.116432,4.99256
-1.115432,4.99256
-1.114432,4.99256
-1.113432,4.99256
-1.112432,4.99256
-1.111432,4.99256
-1.110432,5.02577
-1.109432,5.02577
-1.108432,4.99256
-1.107432,4.99256
-1.106432,4.99256
-1.105432,4.99256
-1.104432,4.99256
-1.103432,4.99256
-1.102432,5.02577
-1.101432,4.99256
-1.100432,4.99256
-1.099432,5.02577
-1.098432,4.99256
-1.097432,4.99256
-1.096432,4.99256
-1.095432,5.02577
-1.094432,4.99256
-1.093432,5.02577
-1.092432,4.99256
-1.091432,5.02577
-1.090432,5.02577
-1.089432,4.99256
-1.088432,4.99256
-1.087432,4.99256
-1.086432,5.02577
-1.085432,4.99256
-1.084432,4.99256
-1.083432,4.99256
-1.082432,5.05898
-1.081432,5.02577
-1.080432,4.99256
-1.079432,5.02577
-1.078432,4.99256
-1.077432,4.99256
-1.076432,4.99256
-1.075432,4.99256
-1.074432,4.99256
-1.073432,4.99256
-1.072432,4.99256
-1.071432,4.99256
-1.070432,4.99256
-1.069432,4.92614
-1.068432,4.95935
-1.067432,4.99256
-1.066432,5.02577
-1.065432,4.99256
-1.064432,5.02577
-1.063432,4.99256
-1.062432,4.99256
-1.061432,4.99256
-1.060432,4.99256
-1.059432,4.99256
-1.058432,4.99256
-1.057432,4.99256
-1.056432,4.99256
-1.055432,5.02577
-1.054432,4.99256
-1.053432,5.02577
-1.052432,4.99256
-1.051432,4.99256
-1.050432,4.99256
-1.049432,5.02577
-1.048432,4.99256
-1.047432,4.99256
-1.046432,4.99256
-1.045432,4.99256
-1.044432,4.99256
-1.043432,4.99256
-1.042432,4.99256
-1.041432,5.02577
-1.040432,4.99256
-1.039432,4.99256
-1.038432,4.95935
-1.037432,4.99256
-1.036432,5.02577
-1.035432,4.99256
-1.034432,4.95935
-1.033432,4.95935
-1.032432,4.99256
-1.031432,4.99256
-1.030432,4.99256
-1.029432,4.99256
-1.028432,5.02577
-1.027432,4.95935
-1.026432,4.99256
-1.025432,4.95935
-1.024432,4.99256
-1.023432,4.99256
-1.022432,4.99256
-1.021432,4.99256
-1.020432,5.02577
-1.019432,4.99256
-1.018432,4.99256
-1.017432,4.99256
-1.016432,4.99256
-1.015432,4.99256
-1.014432,4.99256
-1.013432,4.99256
-1.012432,4.99256
-1.011432,4.99256
-1.010432,4.99256
-1.009432,4.99256
-1.008432,4.99256
-1.007432,4.99256
-1.006432,4.99256
-1.005432,4.99256
-1.004432,4.95935
-1.003432,5.02577
-1.002432,5.02577
-1.001432,4.99256
-1.000432,4.99256
-0.9994323,4.95935
-0.9984323,4.99256
-0.9974323,4.95935
-0.9964323,4.95935
-0.9954323,5.02577
-0.9944323,4.95935
-0.9934323,4.95935
-0.9924323,4.99256
-0.9914323,5.02577
-0.9904323,4.99256
-0.9894323,4.99256
-0.9884323,4.99256
-0.9874323,5.02577
-0.9864323,4.99256
-0.9854323,5.02577
-0.9844323,4.99256
-0.9834323,4.99256
-0.9824323,4.99256
-0.9814323,5.02577
-0.9804323,4.99256
-0.9794323,4.99256
-0.9784323,4.95935
-0.9774323,4.99256
-0.9764323,4.99256
-0.9754323,5.02577
-0.9744323,4.95935
-0.9734323,4.99256
-0.9724323,4.99256
-0.9714323,4.99256
-0.9704323,4.99256
-0.9694323,4.99256
-0.9684323,4.99256
-0.9674323,4.99256
-0.9664323,4.99256
-0.9654323,4.95935
-0.9644323,4.99256
-0.9634323,4.99256
-0.9624323,4.99256
-0.9614323,4.99256
-0.9604323,4.99256
-0.9594323,4.99256
-0.9584323,4.99256
-0.9574323,4.95935
-0.9564323,4.99256
-0.9554323,4.99256
-0.9544323,4.99256
-0.9534323,4.99256
-0.9524323,4.99256
-0.9514323,4.99256
-0.9504323,4.99256
-0.9494323,5.02577
-0.9484323,4.99256
-0.9474323,5.02577
-0.9464323,5.02577
-0.9454323,4.99256
-0.9444323,4.99256
-0.9434323,4.95935
-0.9424323,4.99256
-0.9414323,4.99256
-0.9404323,4.95935
-0.9394323,4.95935
-0.9384323,4.99256
-0.9374323,4.92614
-0.9364323,4.99256
-0.9354323,4.99256
-0.9344323,4.99256
-0.9334323,4.99256
-0.9324323,4.95935
-0.9314323,5.05898
-0.9304323,4.99256
-0.9294323,4.99256
-0.9284323,4.95935
-0.9274323,5.02577
-0.9264323,4.99256
-0.9254323,4.99256
-0.9244323,4.95935
-0.9234323,4.95935
-0.9224323,5.02577
-0.9214323,4.99256
-0.9204323,4.99256
-0.9194323,5.02577
-0.9184323,4.99256
-0.9174323,4.99256
-0.9164323,4.99256
-0.9154323,4.95935
-0.9144323,4.99256
-0.9134323,4.99256
-0.9124323,4.99256
-0.9114323,4.99256
-0.9104323,0.110786
-0.9094323,0.077577
-0.9084323,0.077577
-0.9074323,0.0443677
-0.9064323,0.0443677
-0.9054323,0.077577
-0.9044323,0.0111583
-0.9034323,0.0443677
-0.9024323,0.077577
-0.9014323,0.0443677
-0.9004323,0.0443677
-0.8994323,0.0111583
-0.8984323,0.0111583
-0.8974323,0.0111583
-0.8964323,0.0111583
-0.8954323,0.0111583
-0.8944323,0.0111583
-0.8934323,-0.022051
-0.8924323,0.0443677
-0.8914323,0.0111583
-0.8904323,0.0111583
-0.8894323,-0.022051
-0.8884323,0.0111583
-0.8874323,0.0111583
-0.8864323,0.0111583
-0.8854323,0.0111583
-0.8844323,0.0443677
-0.8834323,0.0111583
-0.8824323,0.0111583
-0.8814323,0.0111583
-0.8804323,0.077577
-0.8794323,0.0111583
-0.8784323,0.0443677
-0.8774323,0.0111583
-0.8764323,0.0443677
-0.8754323,0.0111583
-0.8744323,0.0111583
-0.8734323,0.0111583
-0.8724323,0.0111583
-0.8714323,0.0443677
-0.8704323,0.0111583
-0.8694323,0.0111583
-0.8684323,0.0111583
-0.8674323,0.0443677
-0.8664323,0.0111583
-0.8654323,0.0111583
-0.8644323,0.0443677
-0.8634323,-0.022051
-0.8624323,0.0111583
-0.8614323,0.0111583
-0.8604323,-0.022051
-0.8594323,0.0111583
-0.8584323,0.0111583
-0.8574323,0.0111583
-0.8564323,0.0111583
-0.8554323,0.0111583
-0.8544323,0.0111583
-0.8534323,0.0443677
-0.8524323,0.0111583
-0.8514323,0.0111583
-0.8504323,0.0111583
-0.8494323,0.0111583
-0.8484323,0.0111583
-0.8474323,0.0111583
-0.8464323,0.0111583
-0.8454323,0.0443677
-0.8444323,-0.022051
-0.8434323,0.0111583
-0.8424323,0.077577
-0.8414323,0.0111583
-0.8404323,0.0111583
-0.8394323,0.0111583
-0.8384323,0.0443677
-0.8374323,0.0111583
-0.8364323,0.0111583
-0.8354323,0.0443677
-0.8344323,0.0443677
-0.8334323,0.0443677
-0.8324323,0.0111583
-0.8314323,4.85972
-0.8304323,4.92614
-0.8294323,4.89293
-0.8284323,4.95935
-0.8274323,4.92614
-0.8264323,4.92614
-0.8254323,4.99256
-0.8244323,4.95935
-0.8234323,4.95935
-0.8224323,4.92614
-0.8214323,4.99256
-0.8204323,4.99256
-0.8194323,4.99256
-0.8184323,4.99256
-0.8174323,4.99256
-0.8164323,5.02577
-0.8154323,5.02577
-0.8144323,4.99256
-0.8134323,4.95935
-0.8124323,4.99256
-0.8114323,4.99256
-0.8104323,4.95935
-0.8094323,4.99256
-0.8084323,4.95935
-0.8074323,4.99256
-0.8064323,4.99256
-0.8054323,5.05898
-0.8044323,4.99256
-0.8034323,4.99256
-0.8024323,4.99256
-0.8014323,4.99256
-0.8004323,4.99256
-0.7994323,4.99256
-0.7984323,4.99256
-0.7974323,4.99256
-0.7964323,4.99256
-0.7954323,4.99256
-0.7944323,4.99256
-0.7934323,5.02577
-0.7924323,4.99256
-0.7914323,4.99256
-0.7904323,4.99256
-0.7894323,4.95935
-0.7884323,4.99256
-0.7874323,4.99256
-0.7864323,4.99256
-0.7854323,4.95935
-0.7844323,4.99256
-0.7834323,4.99256
-0.7824323,4.99256
-0.7814323,4.99256
-0.7804323,4.99256
-0.7794323,4.99256
-0.7784323,0.077577
-0.7774323,0.077577
-0.7764323,0.110786
-0.7754323,0.077577
-0.7744323,0.077577
-0.7734323,0.0443677
-0.7724323,0.0111583
-0.7714323,0.0443677
-0.7704323,0.0443677
-0.7694323,0.0443677
-0.7684323,0.0443677
-0.7674323,0.0111583
-0.7664323,0.0111583
-0.7654323,0.0111583
-0.7644323,0.0111583
-0.7634323,0.0443677
-0.7624323,0.0111583
-0.7614323,0.0111583
-0.7604323,0.0443677
-0.7594323,-0.022051
-0.7584323,0.0443677
-0.7574323,0.0111583
-0.7564323,0.0111583
-0.7554323,0.0111583
-0.7544323,0.0443677
-0.7534323,4.92614
-0.7524323,4.89293
-0.7514323,4.92614
-0.7504323,4.95935
-0.7494323,4.92614
-0.7484323,4.95935
-0.7474323,4.92614
-0.7464323,4.99256
-0.7454323,4.99256
-0.7444323,4.95935
-0.7434323,4.92614
-0.7424323,4.99256
-0.7414323,4.99256
-0.7404323,5.02577
-0.7394323,5.02577
-0.7384323,4.95935
-0.7374323,4.99256
-0.7364323,4.95935
-0.7354323,4.99256
-0.7344323,4.99256
-0.7334323,4.99256
-0.7324323,4.99256
-0.7314323,4.99256
-0.7304323,4.99256
-0.7294323,4.99256
-0.7284323,4.99256
-0.7274323,4.95935
-0.7264323,4.99256
-0.7254323,4.99256
-0.7244323,4.99256
-0.7234323,5.02577
-0.7224323,4.99256
-0.7214323,4.95935
-0.7204323,4.99256
-0.7194323,4.95935
-0.7184323,4.99256
-0.7174323,4.99256
-0.7164323,5.02577
-0.7154323,4.99256
-0.7144323,4.99256
-0.7134323,4.99256
-0.7124323,4.99256
-0.7114323,5.02577
-0.7104323,4.99256
-0.7094323,4.99256
-0.7084323,4.99256
-0.7074323,4.99256
-0.7064323,4.99256
-0.7054323,4.99256
-0.7044323,4.99256
-0.7034323,4.95935
-0.7024323,4.99256
-0.7014323,5.02577
-0.7004323,4.99256
-0.6994323,4.99256
-0.6984323,4.99256
-0.6974323,4.99256
-0.6964323,4.99256
-0.6954323,4.99256
-0.6944323,4.99256
-0.6934323,4.99256
-0.6924323,4.99256
-0.6914323,5.02577
-0.6904323,4.92614
-0.6894323,4.99256
-0.6884323,4.99256
-0.6874323,4.99256
-0.6864323,4.99256
-0.6854323,4.99256
-0.6844323,5.02577
-0.6834323,4.99256
-0.6824323,4.99256
-0.6814323,4.99256
-0.6804323,5.02577
-0.6794323,0.077577
-0.6784323,0.077577
-0.6774323,0.110786
-0.6764323,0.0443677
-0.6754323,4.99256
-0.6744323,4.95935
-0.6734323,4.99256
-0.6724323,4.99256
-0.6714323,4.92614
-0.6704323,4.95935
-0.6694323,4.99256
-0.6684323,4.99256
-0.6674323,4.99256
-0.6664323,4.99256
-0.6654323,4.99256
-0.6644323,4.95935
-0.6634323,4.99256
-0.6624323,4.99256
-0.6614323,4.99256
-0.6604323,4.99256
-0.6594323,4.99256
-0.6584323,4.95935
-0.6574323,4.99256
-0.6564323,4.99256
-0.6554323,4.99256
-0.6544323,4.95935
-0.6534323,4.99256
-0.6524323,4.99256
-0.6514323,4.95935
-0.6504323,4.99256
-0.6494323,4.99256
-0.6484323,4.95935
-0.6474323,5.02577
-0.6464323,4.99256
-0.6454323,5.02577
-0.6444323,4.99256
-0.6434323,4.99256
-0.6424323,4.99256
-0.6414323,4.95935
-0.6404323,4.99256
-0.6394323,5.02577
-0.6384323,4.99256
-0.6374323,4.99256
-0.6364323,4.99256
-0.6354323,5.02577
-0.6344323,4.99256
-0.6334323,4.95935
-0.6324323,4.99256
-0.6314323,4.95935
-0.6304323,4.99256
-0.6294323,5.05898
-0.6284323,5.02577
-0.6274323,4.99256
-0.6264323,4.99256
-0.6254323,4.95935
-0.6244323,5.02577
-0.6234323,4.99256
-0.6224323,4.99256
-0.6214323,4.99256
-0.6204323,4.99256
-0.6194323,4.99256
-0.6184323,4.99256
-0.6174323,5.02577
-0.6164323,4.99256
-0.6154323,4.99256
-0.6144323,5.02577
-0.6134323,5.02577
-0.6124323,4.95935
-0.6114323,4.99256
-0.6104323,4.95935
-0.6094323,4.99256
-0.6084323,5.02577
-0.6074323,5.02577
-0.6064323,4.99256
-0.6054323,4.99256
-0.6044323,4.99256
-0.6034323,0.110786
-0.6024323,0.077577
-0.6014323,0.077577
-0.6004323,0.0443677
-0.5994323,0.0443677
-0.5984323,0.0443677
-0.5974323,0.077577
-0.5964323,0.0111583
-0.5954323,0.0111583
-0.5944323,0.077577
-0.5934323,0.0443677
-0.5924323,0.0443677
-0.5914323,0.0443677
-0.5904323,0.0443677
-0.5894323,0.0111583
-0.5884323,0.0111583
-0.5874323,0.0111583
-0.5864323,0.0111583
-0.5854323,0.0111583
-0.5844323,0.0111583
-0.5834323,0.0111583
-0.5824323,0.0111583
-0.5814323,0.0111583
-0.5804323,0.0111583
-0.5794323,4.85972
-0.5784323,4.95935
-0.5774323,4.92614
-0.5764323,4.95935
-0.5754323,4.92614
-0.5744323,4.95935
-0.5734323,4.99256
-0.5724323,4.99256
-0.5714323,5.02577
-0.5704323,4.99256
-0.5694323,4.99256
-0.5684323,5.02577
-0.5674323,4.99256
-0.5664323,5.02577
-0.5654323,4.99256
-0.5644323,4.99256
-0.5634323,4.99256
-0.5624323,5.02577
-0.5614323,4.99256
-0.5604323,4.92614
-0.5594323,4.95935
-0.5584323,4.99256
-0.5574323,4.99256
-0.5564323,4.99256
-0.5554323,4.99256
-0.5544323,4.99256
-0.5534323,4.99256
-0.5524323,4.95935
-0.5514323,4.99256
-0.5504323,4.99256
-0.5494323,4.99256
-0.5484323,4.95935
-0.5474323,5.02577
-0.5464323,4.99256
-0.5454323,4.99256
-0.5444323,4.99256
-0.5434323,4.99256
-0.5424323,4.92614
-0.5414323,4.99256
-0.5404323,4.99256
-0.5394323,4.99256
-0.5384323,4.95935
-0.5374323,5.02577
-0.5364323,4.99256
-0.5354323,4.99256
-0.5344323,4.99256
-0.5334323,4.99256
-0.5324323,4.99256
-0.5314323,4.99256
-0.5304323,4.99256
-0.5294323,4.99256
-0.5284323,4.99256
-0.5274323,4.99256
-0.5264323,4.99256
-0.5254323,4.99256
-0.5244323,4.99256
-0.5234323,4.99256
-0.5224323,4.99256
-0.5214323,4.99256
-0.5204323,4.99256
-0.5194323,4.99256
-0.5184323,4.99256
-0.5174323,4.99256
-0.5164323,4.99256
-0.5154323,5.02577
-0.5144323,4.99256
-0.5134323,4.99256
-0.5124323,4.99256
-0.5114323,4.99256
-0.5104323,4.99256
-0.5094323,4.95935
-0.5084323,5.02577
-0.5074323,4.99256
-0.5064323,4.99256
-0.5054323,4.99256
-0.5044323,5.02577
-0.5034323,4.95935
-0.5024323,4.95935
-0.5014323,4.99256
-0.5004323,4.95935
-0.4994323,4.99256
-0.4984323,4.99256
-0.4974323,4.99256
-0.4964323,4.99256
-0.4954323,4.99256
-0.4944323,4.99256
-0.4934323,4.99256
-0.4924323,4.99256
-0.4914323,4.99256
-0.4904323,4.99256
-0.4894323,4.95935
-0.4884323,4.99256
-0.4874323,4.99256
-0.4864323,5.02577
-0.4854323,4.99256
-0.4844323,4.99256
-0.4834323,4.99256
-0.4824323,4.99256
-0.4814323,4.99256
-0.4804323,0.077577
-0.4794323,0.110786
-0.4784323,0.0111583
-0.4774323,0.0443677
-0.4764323,0.0443677
-0.4754323,0.0111583
-0.4744323,0.077577
-0.4734323,0.0443677
-0.4724323,0.0111583
-0.4714323,0.0443677
-0.4704323,0.0443677
-0.4694323,0.0443677
-0.4684323,0.0111583
-0.4674323,0.0443677
-0.4664323,0.0443677
-0.4654323,0.077577
-0.4644323,0.0111583
-0.4634323,0.0443677
-0.4624323,0.0111583
-0.4614323,0.0111583
-0.4604323,0.0111583
-0.4594323,0.0111583
-0.4584323,0.0111583
-0.4574323,0.0111583
-0.4564323,0.0111583
-0.4554323,0.0111583
-0.4544323,0.0443677
-0.4534323,4.89293
-0.4524323,4.92614
-0.4514323,4.89293
-0.4504323,4.95935
-0.4494323,4.99256
-0.4484323,4.92614
-0.4474323,4.92614
-0.4464323,4.99256
-0.4454323,4.92614
-0.4444323,4.99256
-0.4434323,4.95935
-0.4424323,0.077577
-0.4414323,0.0443677
-0.4404323,0.077577
-0.4394323,0.077577
-0.4384323,0.077577
-0.4374323,0.0443677
-0.4364323,0.0111583
-0.4354323,0.0111583
-0.4344323,0.0111583
-0.4334323,0.0443677
-0.4324323,0.0111583
-0.4314323,0.0111583
-0.4304323,0.0443677
-0.4294323,4.89293
-0.4284323,4.89293
-0.4274323,4.95935
-0.4264323,4.92614
-0.4254323,4.92614
-0.4244323,4.99256
-0.4234323,4.99256
-0.4224323,4.99256
-0.4214323,4.99256
-0.4204323,4.99256
-0.4194323,4.95935
-0.4184323,4.99256
-0.4174323,4.95935
-0.4164323,4.99256
-0.4154323,4.99256
-0.4144323,4.99256
-0.4134323,4.99256
-0.4124323,4.99256
-0.4114323,4.99256
-0.4104323,4.99256
-0.4094323,4.99256
-0.4084323,5.02577
-0.4074323,5.02577
-0.4064323,4.99256
-0.4054323,4.99256
-0.4044323,4.99256
-0.4034323,4.95935
-0.4024323,4.99256
-0.4014323,4.99256
-0.4004323,4.99256
-0.3994323,5.02577
-0.3984323,5.02577
-0.3974323,4.99256
-0.3964323,4.99256
-0.3954323,5.02577
-0.3944323,4.99256
-0.3934323,4.99256
-0.3924323,4.99256
-0.3914323,5.02577
-0.3904323,4.99256
-0.3894323,4.99256
-0.3884323,5.02577
-0.3874323,4.99256
-0.3864323,5.05898
-0.3854323,4.99256
-0.3844323,4.99256
-0.3834323,4.99256
-0.3824323,5.09219
-0.3814323,4.99256
-0.3804323,4.99256
-0.3794323,4.99256
-0.3784323,5.02577
-0.3774323,4.99256
-0.3764323,4.99256
-0.3754323,5.05898
-0.3744323,4.99256
-0.3734323,4.99256
-0.3724323,4.99256
-0.3714323,4.99256
-0.3704323,4.99256
-0.3694323,4.99256
-0.3684323,4.99256
-0.3674323,5.05898
-0.3664323,4.99256
-0.3654323,4.99256
-0.3644323,4.99256
-0.3634323,4.99256
-0.3624323,4.95935
-0.3614323,4.99256
-0.3604323,4.99256
-0.3594323,4.99256
-0.3584323,4.99256
-0.3574323,4.99256
-0.3564323,4.99256
-0.3554323,4.95935
-0.3544323,4.99256
-0.3534323,4.99256
-0.3524323,4.99256
-0.3514323,4.99256
-0.3504323,4.99256
-0.3494323,4.99256
-0.3484323,4.99256
-0.3474323,4.99256
-0.3464323,4.99256
-0.3454323,4.99256
-0.3444323,5.02577
-0.3434323,4.99256
-0.3424323,4.99256
-0.3414323,4.99256
-0.3404323,4.99256
-0.3394323,5.05898
-0.3384323,4.99256
-0.3374323,4.99256
-0.3364323,4.95935
-0.3354323,4.99256
-0.3344323,4.99256
-0.3334323,4.99256
-0.3324323,4.99256
-0.3314323,4.99256
-0.3304323,5.02577
-0.3294323,4.99256
-0.3284323,4.99256
-0.3274323,4.99256
-0.3264323,5.02577
-0.3254323,4.99256
-0.3244323,4.99256
-0.3234323,4.99256
-0.3224323,4.99256
-0.3214323,4.95935
-0.3204323,4.99256
-0.3194323,4.99256
-0.3184323,4.95935
-0.3174323,4.99256
-0.3164323,5.02577
-0.3154323,4.99256
-0.3144323,4.99256
-0.3134323,4.99256
-0.3124323,4.99256
-0.3114323,5.02577
-0.3104323,4.99256
-0.3094323,5.02577
-0.3084323,4.99256
-0.3074323,4.99256
-0.3064323,4.99256
-0.3054323,4.99256
-0.3044323,4.99256
-0.3034323,4.99256
-0.3024323,4.99256
-0.3014323,4.99256
-0.3004323,4.99256
-0.2994323,4.95935
-0.2984323,4.95935
-0.2974323,4.99256
-0.2964323,4.99256
-0.2954323,4.95935
-0.2944323,4.99256
-0.2934323,4.99256
-0.2924323,5.02577
-0.2914323,4.95935
-0.2904323,4.99256
-0.2894323,5.02577
-0.2884323,5.02577
-0.2874323,4.99256
-0.2864323,5.02577
-0.2854323,4.99256
-0.2844323,4.99256
-0.2834323,4.99256
-0.2824323,4.99256
-0.2814323,4.99256
-0.2804323,0.110786
-0.2794323,0.077577
-0.2784323,0.0443677
-0.2774323,0.077577
-0.2764323,0.0443677
-0.2754323,0.077577
-0.2744323,0.0443677
-0.2734323,0.0443677
-0.2724323,0.077577
-0.2714323,0.0443677
-0.2704323,0.0443677
-0.2694323,0.0443677
-0.2684323,0.077577
-0.2674323,0.0443677
-0.2664323,0.0111583
-0.2654323,0.0443677
-0.2644323,0.0111583
-0.2634323,0.0111583
-0.2624323,0.0443677
-0.2614323,0.0111583
-0.2604323,0.0111583
-0.2594323,0.0443677
-0.2584323,0.0443677
-0.2574323,-0.022051
-0.2564323,0.0111583
-0.2554323,0.0111583
-0.2544323,0.0443677
-0.2534323,0.0111583
-0.2524323,0.0111583
-0.2514323,0.0111583
-0.2504323,4.82651
-0.2494323,4.95935
-0.2484323,4.92614
-0.2474323,4.95935
-0.2464323,4.95935
-0.2454323,4.92614
-0.2444323,4.95935
-0.2434323,4.99256
-0.2424323,4.99256
-0.2414323,4.95935
-0.2404323,4.95935
-0.2394323,4.99256
-0.2384323,4.99256
-0.2374323,4.99256
-0.2364323,4.99256
-0.2354323,4.99256
-0.2344323,4.99256
-0.2334323,4.99256
-0.2324323,5.05898
-0.2314323,5.02577
-0.2304323,4.99256
-0.2294323,4.99256
-0.2284323,5.02577
-0.2274323,4.95935
-0.2264323,4.99256
-0.2254323,5.05898
-0.2244323,5.02577
-0.2234323,4.99256
-0.2224323,4.95935
-0.2214323,4.99256
-0.2204323,4.99256
-0.2194323,4.99256
-0.2184323,4.99256
-0.2174323,4.99256
-0.2164323,4.99256
-0.2154323,5.02577
-0.2144323,4.99256
-0.2134323,4.99256
-0.2124323,4.99256
-0.2114323,4.99256
-0.2104323,5.02577
-0.2094323,4.99256
-0.2084323,4.99256
-0.2074323,5.02577
-0.2064323,4.99256
-0.2054323,4.95935
-0.2044323,5.02577
-0.2034323,4.95935
-0.2024323,4.99256
-0.2014323,4.99256
-0.2004323,4.99256
-0.1994323,4.99256
-0.1984323,4.99256
-0.1974323,4.99256
-0.1964323,4.99256
-0.1954323,4.99256
-0.1944323,4.99256
-0.1934323,4.99256
-0.1924323,4.99256
-0.1914323,4.99256
-0.1904323,4.99256
-0.1894323,4.99256
-0.1884323,5.02577
-0.1874323,4.99256
-0.1864323,4.92614
-0.1854323,4.99256
-0.1844323,4.99256
-0.1834323,4.99256
-0.1824323,4.95935
-0.1814323,4.92614
-0.1804323,4.99256
-0.1794323,4.99256
-0.1784323,5.02577
-0.1774323,5.02577
-0.1764323,4.99256
-0.1754323,4.99256
-0.1744323,4.95935
-0.1734323,4.99256
-0.1724323,4.99256
-0.1714323,4.99256
-0.1704323,4.99256
-0.1694323,4.99256
-0.1684323,5.02577
-0.1674323,4.95935
-0.1664323,4.99256
-0.1654323,5.02577
-0.1644323,4.99256
-0.1634323,5.02577
-0.1624323,5.02577
-0.1614323,5.02577
-0.1604323,4.99256
-0.1594323,4.99256
-0.1584323,4.99256
-0.1574323,4.99256
-0.1564323,4.99256
-0.1554323,5.02577
-0.1544323,4.99256
-0.1534323,4.99256
-0.1524323,5.02577
-0.1514323,5.02577
-0.1504323,4.99256
-0.1494323,4.99256
-0.1484323,4.99256
-0.1474323,4.99256
-0.1464323,4.99256
-0.1454323,4.95935
-0.1444323,4.99256
-0.1434323,4.99256
-0.1424323,5.02577
-0.1414323,4.99256
-0.1404323,4.99256
-0.1394323,4.99256
-0.1384323,4.99256
-0.1374323,4.99256
-0.1364323,4.99256
-0.1354323,4.99256
-0.1344323,4.95935
-0.1334323,4.95935
-0.1324323,5.02577
-0.1314323,4.99256
-0.1304323,4.99256
-0.1294323,4.95935
-0.1284323,4.99256
-0.1274323,4.99256
-0.1264323,4.99256
-0.1254323,5.02577
-0.1244323,5.02577
-0.1234323,4.99256
-0.1224323,4.99256
-0.1214323,4.99256
-0.1204323,5.02577
-0.1194323,4.99256
-0.1184323,4.99256
-0.1174323,4.99256
-0.1164323,4.95935
-0.1154323,4.99256
-0.1144323,4.99256
-0.1134323,4.99256
-0.1124323,4.99256
-0.1114323,4.95935
-0.1104323,5.02577
-0.1094323,5.02577
-0.1084323,5.02577
-0.1074323,4.99256
-0.1064323,4.99256
-0.1054323,4.99256
-0.1044323,4.99256
-0.1034323,4.99256
-0.1024323,5.02577
-0.1014323,4.99256
-0.1004323,5.02577
-0.09943229,4.99256
-0.09843229,4.99256
-0.09743229,4.99256
-0.09643229,4.99256
-0.09543229,4.99256
-0.09443229,4.99256
-0.09343229,5.02577
-0.09243229,4.99256
-0.09143229,5.02577
-0.09043229,4.99256
-0.08943229,4.92614
-0.08843229,4.99256
-0.08743229,5.02577
-0.08643229,4.99256
-0.08543229,4.99256
-0.08443229,4.92614
-0.08343229,4.99256
-0.08243229,5.05898
-0.08143229,4.99256
-0.08043229,4.99256
-0.07943229,4.99256
-0.07843229,4.99256
-0.07743229,4.99256
-0.07643229,4.95935
-0.07543229,4.99256
-0.07443229,4.99256
-0.07343229,5.02577
-0.07243229,5.02577
-0.07143229,4.99256
-0.07043229,4.99256
-0.06943229,4.99256
-0.06843229,4.99256
-0.06743229,4.99256
-0.06643229,4.99256
-0.06543229,4.99256
-0.06443229,4.99256
-0.06343229,4.99256
-0.06243229,5.02577
-0.06143229,4.99256
-0.06043229,5.02577
-0.05943229,4.99256
-0.05843229,4.99256
-0.05743229,4.99256
-0.05643229,4.99256
-0.05543229,4.95935
-0.05443229,4.99256
-0.05343229,4.99256
-0.05243229,4.99256
-0.05143229,4.99256
-0.05043229,4.99256
-0.04943229,4.99256
-0.04843229,4.99256
-0.04743229,4.99256
-0.04643229,4.99256
-0.04543229,4.99256
-0.04443229,5.05898
-0.04343229,5.02577
-0.04243229,5.02577
-0.04143229,4.99256
-0.04043229,4.99256
-0.03943229,4.99256
-0.03843229,4.99256
-0.03743229,4.99256
-0.03643229,4.99256
-0.03543229,4.99256
-0.03443229,4.95935
-0.03343229,5.02577
-0.03243229,4.99256
-0.03143229,4.99256
-0.03043229,4.99256
-0.02943229,4.95935
-0.02843229,4.99256
-0.02743229,4.99256
-0.02643229,4.95935
-0.02543229,4.99256
-0.02443229,4.99256
-0.02343229,4.99256
-0.02243229,4.99256
-0.02143229,4.99256
-0.02043229,5.02577
-0.01943229,4.95935
-0.01843229,4.99256
-0.01743229,4.99256
-0.01643229,4.99256
-0.01543229,4.99256
-0.01443229,4.99256
-0.01343229,5.02577
-0.01243229,4.99256
-0.01143229,4.95935
-0.01043229,4.99256
-0.009432287,4.99256
-0.008432287,4.95935
-0.007432287,4.99256
-0.006432287,4.99256
-0.005432287,4.99256
-0.004432287,4.95935
-0.003432287,4.99256
-0.002432287,4.99256
-0.001432287,5.02577
-0.0004322866,0.110786
0.0005677134,0.110786
0.001567713,0.077577
0.002567713,0.077577
0.003567713,0.110786
0.004567713,0.0443677
0.005567713,0.0443677
0.006567713,0.0111583
0.007567713,0.0443677
0.008567713,0.0443677
0.009567713,0.0443677
0.01056771,0.0443677
0.01156771,0.0111583
0.01256771,0.0111583
0.01356771,-0.022051
0.01456771,0.0111583
0.01556771,0.0111583
0.01656771,0.0111583
0.01756771,-0.022051
0.01856771,0.0111583
0.01956771,0.0111583
0.02056771,0.0443677
0.02156771,0.0111583
0.02256771,0.0443677
0.02356771,0.0443677
0.02456771,0.0111583
0.02556771,0.0111583
0.02656771,0.0111583
0.02756771,0.0111583
0.02856771,0.0443677
0.02956771,0.0111583
0.03056771,0.0111583
0.03156771,0.0443677
0.03256771,0.0111583
0.03356771,0.0111583
0.03456771,0.0443677
0.03556771,0.0111583
0.03656771,-0.022051
0.03756771,0.0111583
0.03856771,0.0443677
0.03956771,0.0443677
0.04056771,0.0111583
0.04156771,0.0111583
0.04256771,-0.022051
0.04356771,0.0111583
0.04456771,0.0111583
0.04556771,0.0111583
0.04656771,0.0111583
0.04756771,0.0111583
0.04856771,0.0111583
0.04956771,0.0111583
0.05056771,0.0443677
0.05156771,0.0443677
0.05256771,0.0111583
0.05356771,0.0111583
0.05456771,0.0111583
0.05556771,0.0443677
0.05656771,0.0111583
0.05756771,-0.022051
0.05856771,0.0111583
0.05956771,0.0111583
0.06056771,0.0111583
0.06156771,0.0111583
0.06256771,0.0111583
0.06356771,0.0443677
0.06456771,0.0443677
0.06556771,0.0443677
0.06656771,0.0111583
0.06756771,0.0111583
0.06856771,0.0111583
0.06956771,0.0111583
0.07056771,0.0111583
0.07156771,0.0111583
0.07256771,0.0111583
0.07356771,0.0111583
0.07456771,0.0111583
0.07556771,-0.022051
0.07656771,0.0443677
0.07756771,0.0111583
0.07856771,0.0111583
0.07956771,-0.022051
0.08056771,0.0443677
0.08156771,0.0443677
0.08256771,0.0111583
0.08356771,0.0111583
0.08456771,-0.022051
0.08556771,0.0443677
0.08656771,-0.022051
0.08756771,-0.022051
0.08856771,0.0111583
0.08956771,-0.022051
0.09056771,0.0111583
0.09156771,0.0443677
0.09256771,0.0111583
0.09356771,0.0111583
0.09456771,0.0443677
0.09556771,0.0443677
0.09656771,0.0111583
0.09756771,0.0111583
0.09856771,0.0443677
0.09956771,0.077577
0.1005677,0.0111583
0.1015677,-0.022051
0.1025677,0.0111583
0.1035677,0.0111583
0.1045677,0.0111583
0.1055677,0.0111583
0.1065677,0.0111583
0.1075677,-0.022051
0.1085677,-0.022051
0.1095677,0.0111583
0.1105677,0.0443677
0.1115677,0.0443677
0.1125677,-0.022051
0.1135677,0.0111583
0.1145677,0.0111583
0.1155677,0.0111583
0.1165677,0.0443677
0.1175677,4.85972
0.1185677,4.95935
0.1195677,4.92614
0.1205677,4.92614
0.1215677,4.95935
0.1225677,4.99256
0.1235677,4.95935
0.1245677,4.95935
0.1255677,4.99256
0.1265677,4.92614
0.1275677,4.99256
0.1285677,4.95935
0.1295677,4.99256
0.1305677,4.99256
0.1315677,4.95935
0.1325677,4.99256
0.1335677,4.99256
0.1345677,5.02577
0.1355677,4.95935
0.1365677,4.95935
0.1375677,4.95935
0.1385677,5.02577
0.1395677,4.99256
0.1405677,5.02577
0.1415677,4.99256
0.1425677,4.99256
0.1435677,4.99256
0.1445677,4.99256
0.1455677,4.99256
0.1465677,4.99256
0.1475677,4.99256
0.1485677,4.99256
0.1495677,4.99256
0.1505677,4.99256
0.1515677,4.99256
0.1525677,4.99256
0.1535677,4.99256
0.1545677,5.02577
0.1555677,4.99256
0.1565677,4.99256
0.1575677,4.99256
0.1585677,4.99256
0.1595677,4.95935
0.1605677,4.99256
0.1615677,4.99256
0.1625677,4.99256
0.1635677,4.99256
0.1645677,5.05898
0.1655677,5.02577
0.1665677,4.99256
0.1675677,4.99256
0.1685677,4.99256
0.1695677,4.99256
0.1705677,4.99256
0.1715677,4.95935
0.1725677,4.99256
0.1735677,4.95935
0.1745677,4.99256
0.1755677,4.99256
0.1765677,4.95935
0.1775677,4.99256
0.1785677,4.99256
0.1795677,4.99256
0.1805677,4.99256
0.1815677,4.99256
0.1825677,5.02577
0.1835677,4.99256
0.1845677,4.92614
0.1855677,4.99256
0.1865677,5.02577
0.1875677,4.99256
0.1885677,4.99256
0.1895677,4.95935
0.1905677,4.95935
0.1915677,4.99256
0.1925677,5.02577
0.1935677,4.99256
0.1945677,4.99256
0.1955677,4.95935
0.1965677,5.02577
0.1975677,4.99256
0.1985677,4.99256
0.1995677,4.95935
0.2005677,4.99256
0.2015677,5.02577
0.2025677,4.99256
0.2035677,5.02577
0.2045677,4.99256
0.2055677,4.99256
0.2065677,4.99256
0.2075677,4.99256
0.2085677,5.02577
0.2095677,5.02577
0.2105677,4.99256
0.2115677,4.99256
0.2125677,5.02577
0.2135677,5.02577
0.2145677,4.99256
0.2155677,4.99256
0.2165677,4.99256
0.2175677,4.99256
0.2185677,4.99256
0.2195677,4.99256
0.2205677,4.99256
0.2215677,4.99256
0.2225677,4.99256
0.2235677,4.99256
0.2245677,4.99256
0.2255677,4.99256
0.2265677,4.99256
0.2275677,5.02577
0.2285677,4.99256
0.2295677,5.02577
0.2305677,4.99256
0.2315677,5.02577
0.2325677,4.99256
0.2335677,4.99256
0.2345677,5.02577
0.2355677,4.95935
0.2365677,4.99256
0.2375677,4.99256
0.2385677,4.99256
0.2395677,4.99256
0.2405677,0.143996
0.2415677,0.110786
0.2425677,0.110786
0.2435677,0.0443677
0.2445677,0.0111583
0.2455677,0.0443677
0.2465677,0.0111583
0.2475677,0.0111583
0.2485677,0.077577
0.2495677,0.0111583
0.2505677,0.0111583
0.2515677,0.0443677
0.2525677,0.0111583
0.2535677,0.0111583
0.2545677,0.0111583
0.2555677,0.0443677
0.2565677,0.0443677
0.2575677,0.0443677
0.2585677,0.0111583
0.2595677,-0.022051
0.2605677,0.0111583
0.2615677,0.0111583
0.2625677,0.0111583
0.2635677,0.077577
0.2645677,0.0443677
0.2655677,0.0443677
0.2665677,4.89293
0.2675677,4.92614
0.2685677,4.95935
0.2695677,4.89293
0.2705677,4.99256
0.2715677,4.92614
0.2725677,4.95935
0.2735677,4.92614
0.2745677,4.99256
0.2755677,4.99256
0.2765677,4.92614
0.2775677,0.077577
0.2785677,0.077577
0.2795677,0.077577
0.2805677,0.0443677
0.2815677,0.0111583
0.2825677,0.077577
0.2835677,0.0443677
0.2845677,0.0111583
0.2855677,0.0443677
0.2865677,0.0443677
0.2875677,0.0111583
0.2885677,0.0111583
0.2895677,0.0111583
0.2905677,0.0111583
0.2915677,-0.022051
0.2925677,0.0111583
0.2935677,0.0111583
0.2945677,0.0443677
0.2955677,0.0443677
0.2965677,0.0111583
0.2975677,0.0111583
0.2985677,0.0111583
0.2995677,0.0111583
0.3005677,0.0111583
0.3015677,0.0443677
0.3025677,0.0111583
0.3035677,-0.022051
0.3045677,0.0111583
0.3055677,0.077577
0.3065677,0.0111583
0.3075677,0.0443677
0.3085677,0.0443677
0.3095677,0.0111583
0.3105677,0.0443677
0.3115677,-0.022051
0.3125677,0.0111583
0.3135677,0.0111583
0.3145677,0.0111583
0.3155677,0.0111583
0.3165677,0.0111583
0.3175677,0.0111583
0.3185677,0.0111583
0.3195677,0.0111583
0.3205677,0.0111583
0.3215677,0.0111583
0.3225677,0.0111583
0.3235677,0.0111583
0.3245677,0.0443677
0.3255677,0.0111583
0.3265677,0.0111583
0.3275677,0.0111583
0.3285677,0.0111583
0.3295677,0.0443677
0.3305677,0.0111583
0.3315677,0.0111583
0.3325677,0.0111583
0.3335677,0.0111583
0.3345677,0.0111583
0.3355677,-0.022051
0.3365677,0.0111583
0.3375677,0.0443677
0.3385677,0.0111583
0.3395677,0.0443677
0.3405677,0.0111583
0.3415677,0.077577
0.3425677,0.0111583
0.3435677,0.0111583
0.3445677,0.0443677
0.3455677,0.0111583
0.3465677,-0.022051
0.3475677,0.0111583
0.3485677,0.0443677
0.3495677,0.0111583
0.3505677,0.0111583
0.3515677,0.0111583
0.3525677,0.0111583
0.3535677,0.0111583
0.3545677,0.0111583
0.3555677,0.0443677
0.3565677,0.0111583
0.3575677,0.0111583
0.3585677,0.0111583
0.3595677,0.0111583
0.3605677,0.0443677
0.3615677,0.0111583
0.3625677,0.0111583
0.3635677,0.0443677
0.3645677,0.077577
0.3655677,0.0111583
0.3665677,0.0443677
0.3675677,0.0111583
0.3685677,0.0111583
0.3695677,0.0111583
0.3705677,0.0443677
0.3715677,0.0443677
0.3725677,0.0443677
0.3735677,0.0111583
0.3745677,0.0111583
0.3755677,0.0443677
0.3765677,0.0111583
0.3775677,0.0111583
0.3785677,0.0111583
0.3795677,0.0111583
0.3805677,-0.022051
0.3815677,-0.022051
0.3825677,0.0443677
0.3835677,0.0111583
0.3845677,0.0443677
0.3855677,0.0111583
0.3865677,0.0111583
0.3875677,0.0111583
0.3885677,0.0443677
0.3895677,0.0111583
0.3905677,0.0111583
0.3915677,-0.022051
0.3925677,0.0443677
0.3935677,0.0111583
0.3945677,0.0443677
0.3955677,0.0443677
0.3965677,0.0111583
0.3975677,0.0111583
0.3985677,0.0111583
0.3995677,0.0111583
0.4005677,0.0443677
0.4015677,0.0111583
0.4025677,0.0111583
0.4035677,-0.022051
0.4045677,0.0111583
0.4055677,0.0111583
0.4065677,0.0111583
0.4075677,0.0111583
0.4085677,0.0111583
0.4095677,0.0111583
0.4105677,0.0111583
0.4115677,0.0443677
0.4125677,-0.022051
0.4135677,0.0111583
0.4145677,0.0111583
0.4155677,0.0111583
0.4165677,0.0111583
0.4175677,0.0111583
0.4185677,-0.022051
0.4195677,0.0111583
0.4205677,0.0111583
0.4215677,0.0443677
0.4225677,0.0111583
0.4235677,0.077577
0.4245677,0.0111583
0.4255677,0.0111583
0.4265677,0.0111583
0.4275677,0.0111583
0.4285677,-0.022051
0.4295677,-0.022051
0.4305677,0.0111583
0.4315677,0.0111583
0.4325677,0.0111583
0.4335677,0.0111583
0.4345677,0.0443677
0.4355677,-0.022051
0.4365677,0.077577
0.4375677,0.0443677
0.4385677,0.0111583
0.4395677,0.0111583
0.4405677,0.0111583
0.4415677,0.0111583
0.4425677,0.0443677
0.4435677,0.0111583
0.4445677,0.0111583
0.4455677,0.0111583
0.4465677,4.72689
0.4475677,4.89293
0.4485677,4.89293
0.4495677,4.95935
0.4505677,4.95935
0.4515677,4.95935
0.4525677,4.92614
0.4535677,4.99256
0.4545677,4.95935
0.4555677,4.95935
0.4565677,4.92614
0.4575677,4.99256
0.4585677,4.99256
0.4595677,4.99256
0.4605677,4.92614
0.4615677,4.99256
0.4625677,5.02577
0.4635677,4.99256
0.4645677,4.99256
0.4655677,4.99256
0.4665677,4.99256
0.4675677,4.99256
0.4685677,4.99256
0.4695677,4.99256
0.4705677,4.99256
0.4715677,4.95935
0.4725677,4.99256
0.4735677,5.02577
0.4745677,5.02577
0.4755677,4.99256
0.4765677,4.95935
0.4775677,4.92614
0.4785677,5.02577
0.4795677,5.02577
0.4805677,4.99256
0.4815677,4.99256
0.4825677,5.02577
0.4835677,5.05898
0.4845677,4.99256
0.4855677,4.99256
0.4865677,4.99256
0.4875677,4.95935
0.4885677,5.02577
0.4895677,4.99256
0.4905677,5.02577
0.4915677,4.99256
0.4925677,4.99256
0.4935677,4.99256
0.4945677,4.99256
0.4955677,4.99256
0.4965677,4.99256
0.4975677,4.99256
0.4985677,5.02577
0.4995677,4.99256
0.5005677,4.99256
0.5015677,4.99256
0.5025677,4.95935
0.5035677,4.99256
0.5045677,4.99256
0.5055677,4.92614
0.5065677,4.99256
0.5075677,4.99256
0.5085677,4.99256
0.5095677,4.99256
0.5105677,4.99256
0.5115677,4.95935
0.5125677,4.99256
0.5135677,4.99256
0.5145677,4.99256
0.5155677,5.02577
0.5165677,4.99256
0.5175677,4.99256
0.5185677,5.02577
0.5195677,4.99256
0.5205677,4.99256
0.5215677,4.95935
0.5225677,4.99256
0.5235677,4.99256
0.5245677,4.99256
0.5255677,4.99256
0.5265677,4.99256
0.5275677,4.99256
0.5285677,5.02577
0.5295677,4.99256
0.5305677,5.02577
0.5315677,5.02577
0.5325677,4.99256
0.5335677,4.99256
0.5345677,4.99256
0.5355677,4.99256
0.5365677,4.92614
0.5375677,4.99256
0.5385677,4.92614
0.5395677,4.99256
0.5405677,4.99256
0.5415677,5.02577
0.5425677,4.99256
0.5435677,4.99256
0.5445677,5.02577
0.5455677,4.99256
0.5465677,4.99256
0.5475677,5.02577
0.5485677,4.95935
0.5495677,4.99256
0.5505677,4.99256
0.5515677,4.99256
0.5525677,5.02577
0.5535677,4.99256
0.5545677,4.99256
0.5555677,4.95935
0.5565677,4.99256
0.5575677,4.95935
0.5585677,4.95935
0.5595677,4.99256
0.5605677,4.99256
0.5615677,5.02577
0.5625677,4.99256
0.5635677,4.99256
0.5645677,4.99256
0.5655677,5.05898
0.5665677,4.99256
0.5675677,4.99256
0.5685677,4.99256
0.5695677,4.99256
0.5705677,4.99256
0.5715677,4.95935
0.5725677,4.99256
0.5735677,4.95935
0.5745677,5.02577
0.5755677,4.99256
0.5765677,4.99256
0.5775677,4.99256
0.5785677,4.99256
0.5795677,4.99256
0.5805677,4.99256
0.5815677,5.02577
0.5825677,5.05898
0.5835677,4.92614
0.5845677,4.99256
0.5855677,4.99256
0.5865677,5.02577
0.5875677,4.99256
0.5885677,4.99256
0.5895677,4.99256
0.5905677,4.99256
0.5915677,4.99256
0.5925677,4.99256
0.5935677,5.02577
0.5945677,5.02577
0.5955677,5.02577
0.5965677,5.05898
0.5975677,4.99256
0.5985677,5.02577
0.5995677,5.02577
0.6005677,4.99256
0.6015677,4.99256
0.6025677,5.02577
0.6035677,4.99256
0.6045677,5.02577
0.6055677,4.95935
0.6065677,4.99256
0.6075677,4.99256
0.6085677,4.95935
0.6095677,4.99256
0.6105677,4.95935
0.6115677,4.99256
0.6125677,4.99256
0.6135677,5.02577
0.6145677,4.99256
0.6155677,4.99256
0.6165677,4.99256
0.6175677,4.99256
0.6185677,4.99256
0.6195677,4.99256
0.6205677,4.99256
0.6215677,4.99256
0.6225677,4.99256
0.6235677,4.99256
0.6245677,5.02577
0.6255677,4.95935
0.6265677,4.99256
0.6275677,4.99256
0.6285677,5.02577
0.6295677,4.99256
0.6305677,4.99256
0.6315677,4.99256
0.6325677,4.99256
0.6335677,4.99256
0.6345677,5.02577
0.6355677,4.99256
0.6365677,4.99256
0.6375677,4.99256
0.6385677,4.99256
0.6395677,4.99256
0.6405677,4.95935
0.6415677,4.99256
0.6425677,4.99256
0.6435677,5.02577
0.6445677,4.99256
0.6455677,4.99256
0.6465677,5.02577
0.6475677,4.99256
0.6485677,4.99256
0.6495677,5.05898
0.6505677,4.99256
0.6515677,4.99256
0.6525677,4.99256
0.6535677,4.99256
0.6545677,4.99256
0.6555677,4.99256
0.6565677,4.99256
0.6575677,4.99256
0.6585677,4.99256
0.6595677,4.95935
0.6605677,4.99256
0.6615677,4.99256
0.6625677,4.99256
0.6635677,4.99256
0.6645677,4.99256
0.6655677,4.99256
0.6665677,4.99256
0.6675677,4.99256
0.6685677,4.95935
0.6695677,4.99256
0.6705677,4.99256
0.6715677,4.99256
0.6725677,4.99256
0.6735677,4.99256
0.6745677,4.95935
0.6755677,4.99256
0.6765677,4.92614
0.6775677,4.95935
0.6785677,4.95935
0.6795677,4.99256
0.6805677,4.99256
0.6815677,4.99256
0.6825677,4.99256
0.6835677,4.99256
0.6845677,4.99256
0.6855677,4.95935
0.6865677,5.02577
0.6875677,4.99256
0.6885677,4.92614
0.6895677,4.95935
0.6905677,4.99256
0.6915677,4.95935
0.6925677,4.95935
0.6935677,4.99256
0.6945677,4.99256
0.6955677,4.99256
0.6965677,4.99256
0.6975677,4.99256
0.6985677,4.99256
0.6995677,4.92614
0.7005677,4.99256
0.7015677,5.02577
0.7025677,4.95935
0.7035677,5.02577
0.7045677,4.99256
0.7055677,4.99256
0.7065677,4.95935
0.7075677,5.05898
0.7085677,4.99256
0.7095677,4.99256
0.7105677,5.02577
0.7115677,4.99256
0.7125677,5.02577
0.7135677,4.99256
0.7145677,4.99256
0.7155677,4.99256
0.7165677,5.02577
0.7175677,4.99256
0.7185677,4.95935
0.7195677,4.92614
0.7205677,4.99256
0.7215677,4.99256
0.7225677,4.99256
0.7235677,4.99256
0.7245677,4.99256
0.7255677,4.99256
0.7265677,4.99256
0.7275677,4.99256
0.7285677,4.99256
0.7295677,4.99256
0.7305677,4.95935
0.7315677,5.02577
0.7325677,4.99256
0.7335677,5.05898
0.7345677,4.99256
0.7355677,4.99256
0.7365677,4.99256
0.7375677,4.95935
0.7385677,4.99256
0.7395677,5.05898
0.7405677,4.99256
0.7415677,4.99256
0.7425677,5.02577
0.7435677,5.02577
0.7445677,4.99256
0.7455677,4.99256
0.7465677,4.99256
0.7475677,4.99256
0.7485677,5.05898
0.7495677,4.99256
0.7505677,4.99256
0.7515677,4.99256
0.7525677,4.99256
0.7535677,5.02577
0.7545677,4.99256
0.7555677,4.95935
0.7565677,4.99256
0.7575677,4.99256
0.7585677,4.99256
0.7595677,5.02577
0.7605677,4.99256
0.7615677,4.99256
0.7625677,4.99256
0.7635677,4.99256
0.7645677,4.99256
0.7655677,0.210414
0.7665677,0.143996
0.7675677,0.077577
0.7685677,0.077577
0.7695677,0.0443677
0.7705677,0.0443677
0.7715677,0.110786
0.7725677,0.0111583
0.7735677,0.0443677
0.7745677,0.0111583
0.7755677,0.0443677
0.7765677,0.0443677
0.7775677,0.0111583
0.7785677,0.0443677
0.7795677,0.0443677
0.7805677,0.0443677
0.7815677,0.0111583
0.7825677,0.0111583
0.7835677,0.077577
0.7845677,0.0111583
0.7855677,0.0111583
0.7865677,0.0443677
0.7875677,0.0111583
0.7885677,0.0443677
0.7895677,0.0111583
0.7905677,0.0111583
0.7915677,0.0111583
0.7925677,0.0443677
0.7935677,0.0111583
0.7945677,0.0111583
0.7955677,0.077577
0.7965677,0.077577
0.7975677,0.0443677
0.7985677,0.0443677
0.7995677,0.0443677
0.8005677,0.0111583
0.8015677,0.0443677
0.8025677,0.0111583
0.8035677,-0.022051
0.8045677,0.0111583
0.8055677,0.0111583
0.8065677,0.0111583
0.8075677,0.0111583
0.8085677,-0.022051
0.8095677,0.0111583
0.8105677,0.0111583
0.8115677,0.0111583
0.8125677,0.0111583
0.8135677,0.0443677
0.8145677,0.077577
0.8155677,0.0443677
0.8165677,0.0443677
0.8175677,-0.022051
0.8185677,0.0111583
0.8195677,4.89293
0.8205677,4.95935
0.8215677,4.92614
0.8225677,4.92614
0.8235677,4.95935
0.8245677,4.92614
0.8255677,4.95935
0.8265677,4.95935
0.8275677,4.95935
0.8285677,4.99256
0.8295677,4.95935
0.8305677,4.92614
0.8315677,4.99256
0.8325677,4.95935
0.8335677,4.99256
0.8345677,4.99256
0.8355677,4.99256
0.8365677,4.99256
0.8375677,4.99256
0.8385677,4.99256
0.8395677,4.99256
0.8405677,4.99256
0.8415677,5.02577
0.8425677,4.99256
0.8435677,5.02577
0.8445677,4.99256
0.8455677,4.99256
0.8465677,4.99256
0.8475677,4.99256
0.8485677,4.99256
0.8495677,5.02577
0.8505677,4.99256
0.8515677,5.05898
0.8525677,4.99256
0.8535677,5.02577
0.8545677,4.99256
0.8555677,4.99256
0.8565677,4.95935
0.8575677,4.99256
0.8585677,4.95935
0.8595677,4.99256
0.8605677,5.05898
0.8615677,4.99256
0.8625677,4.99256
0.8635677,5.02577
0.8645677,4.99256
0.8655677,4.99256
0.8665677,5.02577
0.8675677,4.99256
0.8685677,4.99256
0.8695677,4.99256
0.8705677,4.99256
0.8715677,4.95935
0.8725677,4.99256
0.8735677,5.02577
0.8745677,4.99256
0.8755677,4.99256
0.8765677,4.99256
0.8775677,4.99256
0.8785677,4.99256
0.8795677,4.99256
0.8805677,4.99256
0.8815677,4.99256
0.8825677,4.95935
0.8835677,4.99256
0.8845677,4.99256
0.8855677,5.02577
0.8865677,4.99256
0.8875677,4.99256
0.8885677,4.95935
0.8895677,5.02577
0.8905677,4.99256
0.8915677,4.99256
0.8925677,5.02577
0.8935677,5.02577
0.8945677,4.99256
0.8955677,4.99256
0.8965677,4.99256
0.8975677,4.99256
0.8985677,4.99256
0.8995677,4.99256
0.9005677,4.99256
0.9015677,5.02577
0.9025677,5.05898
0.9035677,4.99256
0.9045677,4.99256
0.9055677,4.99256
0.9065677,4.99256
0.9075677,4.95935
0.9085677,4.99256
0.9095677,4.99256
0.9105677,4.95935
0.9115677,4.99256
0.9125677,4.99256
0.9135677,4.99256
0.9145677,4.99256
0.9155677,4.99256
0.9165677,4.99256
0.9175677,4.99256
0.9185677,5.02577
0.9195677,4.99256
0.9205677,4.99256
0.9215677,4.99256
0.9225677,4.99256
0.9235677,4.99256
0.9245677,4.99256
0.9255677,4.99256
0.9265677,4.95935
0.9275677,4.99256
0.9285677,4.99256
0.9295677,4.95935
0.9305677,4.99256
0.9315677,4.99256
0.9325677,5.02577
0.9335677,4.99256
0.9345677,4.99256
0.9355677,4.95935
0.9365677,4.99256
0.9375677,4.99256
0.9385677,4.99256
0.9395677,4.99256
0.9405677,4.99256
0.9415677,4.95935
0.9425677,4.99256
0.9435677,4.99256
0.9445677,5.02577
0.9455677,4.99256
0.9465677,4.99256
0.9475677,5.02577
0.9485677,4.95935
0.9495677,4.99256
0.9505677,4.99256
0.9515677,5.05898
0.9525677,4.99256
0.9535677,5.02577
0.9545677,4.95935
0.9555677,4.99256
0.9565677,4.99256
0.9575677,5.02577
0.9585677,4.95935
0.9595677,5.02577
0.9605677,5.02577
0.9615677,4.99256
0.9625677,4.99256
0.9635677,4.99256
0.9645677,4.99256
0.9655677,4.99256
0.9665677,4.95935
0.9675677,4.99256
0.9685677,4.99256
0.9695677,4.99256
0.9705677,4.99256
0.9715677,4.99256
0.9725677,4.99256
0.9735677,4.99256
0.9745677,5.02577
0.9755677,4.99256
0.9765677,4.99256
0.9775677,4.99256
0.9785677,5.05898
0.9795677,5.02577
0.9805677,4.99256
0.9815677,5.02577
0.9825677,4.99256
0.9835677,4.99256
0.9845677,5.02577
0.9855677,5.02577
0.9865677,4.99256
0.9875677,5.02577
0.9885677,4.99256
0.9895677,4.99256
0.9905677,5.02577
0.9915677,4.99256
0.9925677,4.99256
0.9935677,4.99256
0.9945677,4.99256
0.9955677,4.99256
0.9965677,4.99256
0.9975677,4.99256
0.9985677,4.99256
0.9995677,4.99256
1.000568,5.02577
1.001568,4.99256
1.002568,4.99256
1.003568,4.99256
1.004568,4.99256
1.005568,5.02577
1.006568,4.99256
1.007568,4.99256
1.008568,4.99256
1.009568,4.95935
1.010568,4.99256
1.011568,4.99256
1.012568,4.99256
1.013568,4.99256
1.014568,4.99256
1.015568,4.99256
1.016568,4.95935
1.017568,4.99256
1.018568,4.99256
1.019568,4.99256
1.020568,4.92614
1.021568,4.99256
1.022568,4.95935
1.023568,4.99256
1.024568,4.95935
1.025568,0.276833
1.026568,0.077577
1.027568,0.077577
1.028568,0.077577
1.029568,0.077577
1.030568,0.0111583
1.031568,0.077577
1.032568,4.95935
1.033568,4.99256
1.034568,4.95935
1.035568,4.92614
1.036568,4.92614
1.037568,4.99256
1.038568,4.95935
1.039568,4.92614
1.040568,4.99256
1.041568,4.99256
1.042568,4.99256
1.043568,4.95935
1.044568,4.99256
1.045568,4.95935
1.046568,4.99256
1.047568,4.99256
1.048568,4.99256
1.049568,4.99256
1.050568,4.95935
1.051568,4.99256
1.052568,4.99256
1.053568,4.99256
1.054568,5.02577
1.055568,4.99256
1.056568,4.99256
1.057568,4.99256
1.058568,4.99256
1.059568,4.99256
1.060568,4.99256
1.061568,4.95935
1.062568,4.99256
1.063568,4.99256
1.064568,4.99256
1.065568,4.99256
1.066568,4.99256
1.067568,4.99256
1.068568,4.99256
1.069568,4.99256
1.070568,4.99256
1.071568,4.99256
1.072568,5.02577
1.073568,4.99256
1.074568,4.99256
1.075568,4.99256
1.076568,4.99256
1.077568,4.99256
1.078568,4.99256
1.079568,4.99256
1.080568,4.95935
1.081568,5.02577
1.082568,4.99256
1.083568,4.99256
1.084568,4.99256
1.085568,5.02577
1.086568,4.99256
1.087568,4.99256
1.088568,5.02577
1.089568,4.99256
1.090568,4.99256
1.091568,4.99256
1.092568,4.99256
1.093568,0.110786
1.094568,0.077577
1.095568,0.110786
1.096568,4.99256
1.097568,4.99256
1.098568,4.99256
1.099568,4.95935
1.100568,4.95935
1.101568,4.99256
1.102568,4.92614
1.103568,4.99256
1.104568,4.99256
1.105568,4.99256
1.106568,4.99256
1.107568,4.95935
1.108568,5.02577
1.109568,5.02577
1.110568,4.99256
1.111568,4.99256
1.112568,4.99256
1.113568,4.99256
1.114568,4.95935
1.115568,4.99256
1.116568,4.99256
1.117568,4.99256
1.118568,4.99256
1.119568,4.99256
1.120568,4.99256
1.121568,4.95935
1.122568,4.99256
1.123568,4.95935
1.124568,4.99256
1.125568,4.99256
1.126568,4.99256
1.127568,4.99256
1.128568,5.02577
1.129568,4.95935
1.130568,4.99256
1.131568,5.02577
1.132568,4.99256
1.133568,4.99256
1.134568,4.99256
1.135568,4.99256
1.136568,4.95935
1.137568,4.99256
1.138568,4.99256
1.139568,4.99256
1.140568,4.95935
1.141568,4.99256
1.142568,4.99256
1.143568,4.99256
1.144568,4.99256
1.145568,4.99256
1.146568,4.99256
1.147568,4.99256
1.148568,4.99256
1.149568,4.99256
1.150568,4.99256
1.151568,4.99256
1.152568,4.99256
1.153568,4.99256
1.154568,4.95935
1.155568,4.99256
1.156568,5.05898
1.157568,4.99256
1.158568,4.99256
1.159568,4.99256
1.160568,5.02577
1.161568,5.02577
1.162568,4.99256
1.163568,4.99256
1.164568,5.02577
1.165568,4.99256
1.166568,4.99256
1.167568,4.99256
1.168568,4.99256
1.169568,5.02577
1.170568,4.99256
1.171568,5.02577
1.172568,4.99256
1.173568,4.99256
1.174568,4.99256
1.175568,4.95935
1.176568,4.99256
1.177568,4.92614
1.178568,4.99256
1.179568,4.95935
1.180568,4.95935
1.181568,4.99256
1.182568,4.99256
1.183568,4.99256
1.184568,5.02577
1.185568,4.95935
1.186568,5.02577
1.187568,4.99256
1.188568,4.99256
1.189568,4.95935
1.190568,5.02577
1.191568,4.99256
1.192568,4.99256
1.193568,4.99256
1.194568,5.02577
1.195568,4.95935
1.196568,4.95935
1.197568,4.99256
1.198568,4.99256
1.199568,4.99256
1.200568,4.95935
1.201568,4.99256
1.202568,5.02577
1.203568,4.99256
1.204568,4.99256
1.205568,4.99256
1.206568,4.99256
1.207568,4.99256
1.208568,4.99256
1.209568,4.99256
1.210568,4.99256
1.211568,4.99256
1.212568,4.95935
1.213568,4.99256
1.214568,4.99256
1.215568,5.02577
1.216568,4.99256
1.217568,4.99256
1.218568,4.99256
1.219568,4.95935
1.220568,4.99256
1.221568,4.99256
1.222568,4.99256
1.223568,4.95935
1.224568,4.99256
1.225568,4.99256
1.226568,4.99256
1.227568,4.99256
1.228568,4.99256
1.229568,4.99256
1.230568,4.99256
1.231568,5.02577
1.232568,4.99256
1.233568,5.05898
1.234568,4.99256
1.235568,4.99256
1.236568,4.95935
1.237568,4.99256
1.238568,4.99256
1.239568,4.99256
1.240568,4.99256
1.241568,4.95935
1.242568,5.02577
1.243568,5.02577
1.244568,4.99256
1.245568,4.99256
1.246568,4.99256
1.247568,5.02577
1.248568,4.99256
1.249568,4.99256
1.250568,4.99256
1.251568,4.99256
1.252568,4.99256
1.253568,5.02577
1.254568,4.99256
1.255568,4.99256
1.256568,4.99256
1.257568,4.99256
1.258568,5.02577
1.259568,4.99256
1.260568,4.95935
1.261568,4.99256
1.262568,4.95935
1.263568,4.99256
1.264568,4.99256
1.265568,4.95935
1.266568,4.99256
1.267568,4.99256
1.268568,4.99256
1.269568,4.99256
1.270568,4.99256
1.271568,4.99256
1.272568,4.99256
1.273568,4.99256
1.274568,4.99256
1.275568,4.95935
1.276568,4.99256
1.277568,4.99256
1.278568,4.99256
1.279568,4.99256
1.280568,4.99256
1.281568,5.02577
1.282568,4.99256
1.283568,4.99256
1.284568,4.99256
1.285568,4.99256
1.286568,5.02577
1.287568,4.95935
1.288568,4.95935
1.289568,4.99256
1.290568,4.99256
1.291568,4.99256
1.292568,4.99256
1.293568,4.99256
1.294568,5.02577
1.295568,4.99256
1.296568,4.99256
1.297568,4.99256
1.298568,4.99256
1.299568,4.95935
1.300568,5.02577
1.301568,4.95935
1.302568,4.99256
1.303568,5.02577
1.304568,4.99256
1.305568,4.99256
1.306568,4.99256
1.307568,4.99256
1.308568,4.99256
1.309568,4.99256
1.310568,5.02577
1.311568,4.99256
1.312568,4.99256
1.313568,4.99256
1.314568,4.99256
1.315568,4.99256
1.316568,4.99256
1.317568,4.99256
1.318568,4.99256
1.319568,4.99256
1.320568,4.99256
1.321568,5.02577
1.322568,4.99256
1.323568,4.99256
1.324568,4.99256
1.325568,4.99256
1.326568,4.99256
1.327568,5.02577
1.328568,5.02577
1.329568,4.99256
1.330568,4.99256
1.331568,4.99256
1.332568,4.99256
1.333568,4.99256
1.334568,4.99256
1.335568,5.02577
1.336568,4.99256
1.337568,5.02577
1.338568,4.99256
1.339568,5.02577
1.340568,4.99256
1.341568,5.02577
1.342568,5.02577
1.343568,4.99256
1.344568,4.99256
1.345568,5.02577
1.346568,4.99256
1.347568,4.95935
1.348568,4.99256
1.349568,4.99256
1.350568,4.99256
1.351568,5.05898
1.352568,4.99256
1.353568,4.99256
1.354568,4.99256
1.355568,4.99256
1.356568,4.99256
1.357568,4.95935
1.358568,4.99256
1.359568,5.05898
1.360568,4.99256
1.361568,4.99256
1.362568,4.99256
1.363568,4.99256
1.364568,4.99256
1.365568,4.99256
1.366568,4.92614
1.367568,4.95935
1.368568,4.99256
1.369568,4.99256
1.370568,4.95935
1.371568,4.99256
1.372568,4.99256
1.373568,4.99256
1.374568,5.02577
1.375568,4.99256
1.376568,4.99256
1.377568,4.99256
1.378568,4.99256
1.379568,4.99256
1.380568,4.99256
1.381568,4.99256
1.382568,4.99256
1.383568,5.05898
1.384568,4.99256
1.385568,4.99256
1.386568,4.95935
1.387568,5.02577
1.388568,5.05898
1.389568,4.99256
1.390568,4.99256
1.391568,4.99256
1.392568,5.05898
1.393568,5.02577
1.394568,4.95935
1.395568,4.95935
1.396568,4.99256
1.397568,4.99256
1.398568,5.02577
1.399568,4.95935
1.400568,4.99256
1.401568,4.99256
1.402568,4.99256
1.403568,4.95935
1.404568,4.99256
1.405568,4.99256
1.406568,4.99256
1.407568,4.99256
1.408568,4.99256
1.409568,4.99256
1.410568,4.99256
1.411568,4.99256
1.412568,4.99256
1.413568,5.02577
1.414568,4.99256
1.415568,4.99256
1.416568,4.99256
1.417568,4.95935
1.418568,4.99256
1.419568,4.99256
1.420568,4.99256
1.421568,4.99256
1.422568,4.99256
1.423568,5.02577
1.424568,4.95935
1.425568,4.99256
1.426568,4.99256
1.427568,4.99256
1.428568,4.99256
1.429568,4.99256
1.430568,4.99256
1.431568,4.99256
1.432568,4.99256
1.433568,4.99256
1.434568,5.02577
1.435568,4.99256
1.436568,4.99256
1.437568,4.99256
1.438568,4.99256
1.439568,4.99256
1.440568,4.99256
1.441568,4.99256
1.442568,4.99256
1.443568,4.99256
1.444568,4.99256
1.445568,4.99256
1.446568,4.99256
1.447568,4.99256
1.448568,4.99256
1.449568,4.95935
1.450568,5.02577
1.451568,5.02577
1.452568,5.02577
1.453568,4.99256
1.454568,5.02577
1.455568,4.99256
1.456568,4.99256
1.457568,4.99256
1.458568,4.99256
1.459568,5.02577
1.460568,4.99256
1.461568,4.99256
1.462568,4.99256
1.463568,4.99256
1.464568,4.99256
1.465568,4.99256
1.466568,4.99256
1.467568,5.02577
1.468568,4.99256
1.469568,4.99256
1.470568,4.99256
1.471568,4.95935
1.472568,4.99256
1.473568,4.99256
1.474568,5.02577
1.475568,4.99256
1.476568,5.02577
1.477568,4.99256
1.478568,5.02577
1.479568,5.02577
1.480568,4.99256
1.481568,4.99256
1.482568,4.99256
1.483568,4.99256
1.484568,4.99256
1.485568,4.99256
1.486568,4.99256
1.487568,4.99256
1.488568,4.99256
1.489568,4.99256
1.490568,4.99256
1.491568,4.99256
1.492568,4.99256
1.493568,4.99256
1.494568,4.99256
1.495568,4.99256
1.496568,5.02577
1.497568,4.95935
1.498568,4.99256
1.499568,4.99256
1.500568,5.02577
1.501568,4.95935
1.502568,4.99256
1.503568,4.99256
1.504568,4.95935
1.505568,4.99256
1.506568,5.02577
1.507568,4.95935
1.508568,4.99256
1.509568,4.95935
1.510568,4.99256
1.511568,4.99256
1.512568,4.95935
1.513568,4.99256
1.514568,4.99256
1.515568,5.02577
1.516568,5.02577
1.517568,4.99256
1.518568,4.99256
1.519568,4.99256
1.520568,4.99256
1.521568,4.99256
1.522568,4.99256
1.523568,4.99256
1.524568,4.95935
1.525568,4.99256
1.526568,4.99256
1.527568,4.99256
1.528568,5.02577
1.529568,4.99256
1.530568,4.99256
1.531568,4.99256
1.532568,4.99256
1.533568,4.95935
1.534568,4.99256
1.535568,5.02577
1.536568,4.99256
1.537568,5.02577
1.538568,4.95935
1.539568,4.99256
1.540568,4.99256
1.541568,4.99256
1.542568,4.99256
1.543568,4.99256
1.544568,4.99256
1.545568,4.99256
1.546568,4.95935
1.547568,4.95935
1.548568,4.99256
1.549568,4.99256
1.550568,4.99256
1.551568,4.95935
1.552568,4.99256
1.553568,5.02577
1.554568,4.99256
1.555568,4.99256
1.556568,4.99256
1.557568,5.02577
1.558568,4.99256
1.559568,4.99256
1.560568,0.177205
1.561568,0.077577
1.562568,0.077577
1.563568,0.0443677
1.564568,0.0443677
1.565568,4.89293
1.566568,4.95935
1.567568,4.99256
1.568568,4.99256
1.569568,4.95935
1.570568,4.92614
1.571568,4.95935
1.572568,4.92614
1.573568,4.95935
1.574568,4.99256
1.575568,5.02577
1.576568,4.95935
1.577568,4.95935
1.578568,4.99256
1.579568,4.99256
1.580568,4.99256
1.581568,4.99256
1.582568,4.99256
1.583568,4.99256
1.584568,4.99256
1.585568,4.99256
1.586568,4.95935
1.587568,5.02577
1.588568,4.99256
1.589568,4.99256
1.590568,4.99256
1.591568,4.99256
1.592568,4.99256
1.593568,4.99256
1.594568,4.99256
1.595568,4.99256
1.596568,5.02577
1.597568,4.99256
1.598568,4.95935
1.599568,5.02577
1.600568,4.99256
1.601568,4.99256
1.602568,4.95935
1.603568,5.02577
1.604568,4.99256
1.605568,4.99256
1.606568,4.95935
1.607568,4.99256
1.608568,4.99256
1.609568,4.99256
1.610568,4.99256
1.611568,4.99256
1.612568,4.95935
1.613568,4.99256
1.614568,4.99256
1.615568,4.99256
1.616568,4.99256
1.617568,4.92614
1.618568,4.99256
1.619568,4.99256
1.620568,4.99256
1.621568,5.02577
1.622568,4.99256
1.623568,4.99256
1.624568,4.99256
1.625568,4.99256
1.626568,4.99256
1.627568,4.99256
1.628568,4.99256
1.629568,4.99256
1.630568,4.95935
1.631568,4.99256
1.632568,4.95935
1.633568,4.99256
1.634568,5.02577
1.635568,4.92614
1.636568,4.99256
1.637568,4.99256
1.638568,4.99256
1.639568,4.99256
1.640568,4.99256
1.641568,5.02577
1.642568,4.99256
1.643568,0.0443677
1.644568,0.077577
1.645568,0.077577
1.646568,0.0443677
1.647568,0.110786
1.648568,0.077577
1.649568,0.0443677
1.650568,0.0111583
1.651568,0.0443677
1.652568,0.0111583
1.653568,0.0111583
1.654568,0.0111583
1.655568,0.0443677
1.656568,0.0111583
1.657568,0.0111583
1.658568,0.0111583
1.659568,0.0111583
1.660568,0.0443677
1.661568,0.0111583
1.662568,0.0443677
1.663568,0.0111583
1.664568,0.0111583
1.665568,0.0111583
1.666568,0.0111583
1.667568,0.0111583
1.668568,0.0111583
1.669568,0.0111583
1.670568,0.0111583
1.671568,0.0111583
1.672568,-0.022051
1.673568,0.0443677
1.674568,0.077577
1.675568,0.0111583
1.676568,0.0111583
1.677568,0.0111583
1.678568,0.0443677
1.679568,0.0111583
1.680568,0.0443677
1.681568,0.0111583
1.682568,4.89293
1.683568,4.92614
1.684568,4.99256
1.685568,4.95935
1.686568,4.99256
1.687568,4.95935
1.688568,4.99256
1.689568,4.99256
1.690568,4.99256
1.691568,4.99256
1.692568,4.99256
1.693568,0.143996
1.694568,0.0443677
1.695568,0.077577
1.696568,0.143996
1.697568,0.0443677
1.698568,0.0443677
1.699568,0.0111583
1.700568,0.0443677
1.701568,0.0443677
1.702568,0.0111583
1.703568,0.0111583
1.704568,0.0443677
1.705568,0.0443677
1.706568,0.0111583
1.707568,0.0111583
1.708568,0.0111583
1.709568,0.0111583
1.710568,0.0111583
1.711568,0.0111583
1.712568,0.0111583
1.713568,0.0111583
1.714568,0.0111583
1.715568,0.0111583
1.716568,0.0443677
1.717568,0.0443677
1.718568,0.0111583
1.719568,0.0111583
1.720568,0.0111583
1.721568,0.0111583
1.722568,0.0111583
1.723568,-0.022051
1.724568,0.0111583
1.725568,0.0111583
1.726568,0.0111583
1.727568,0.0111583
1.728568,0.0111583
1.729568,0.0111583
1.730568,0.0111583
1.731568,0.0111583
1.732568,0.0111583
1.733568,0.0111583
1.734568,0.0111583
1.735568,0.0443677
1.736568,0.0111583
1.737568,-0.022051
1.738568,0.0111583
1.739568,-0.022051
1.740568,0.0443677
1.741568,0.0111583
1.742568,0.0111583
1.743568,0.0111583
1.744568,0.0111583
1.745568,0.0111583
1.746568,0.0443677
1.747568,0.0111583
1.748568,0.0111583
1.749568,0.0443677
1.750568,0.0111583
1.751568,0.0111583
1.752568,0.0111583
1.753568,0.0111583
1.754568,4.89293
1.755568,4.89293
1.756568,4.92614
1.757568,4.95935
1.758568,4.95935
1.759568,4.92614
1.760568,4.99256
1.761568,4.95935
1.762568,4.95935
1.763568,4.99256
1.764568,4.99256
1.765568,4.99256
1.766568,4.99256
1.767568,4.99256
1.768568,4.99256
1.769568,4.99256
1.770568,4.99256
1.771568,4.99256
1.772568,4.99256
1.773568,5.02577
1.774568,4.99256
1.775568,4.99256
1.776568,4.99256
1.777568,4.99256
1.778568,4.99256
1.779568,4.99256
1.780568,4.99256
1.781568,4.99256
1.782568,4.99256
1.783568,4.99256
1.784568,4.99256
1.785568,4.99256
1.786568,5.02577
1.787568,5.02577
1.788568,4.95935
1.789568,4.99256
1.790568,4.95935
1.791568,4.99256
1.792568,4.99256
1.793568,4.99256
1.794568,4.99256
1.795568,4.99256
1.796568,5.02577
1.797568,4.95935
1.798568,4.99256
1.799568,4.99256
1.800568,4.99256
1.801568,5.02577
1.802568,4.95935
1.803568,4.92614
1.804568,4.99256
1.805568,4.99256
1.806568,4.99256
1.807568,4.99256
1.808568,4.99256
1.809568,4.99256
1.810568,4.99256
1.811568,4.99256
1.812568,5.02577
1.813568,4.99256
1.814568,4.99256
1.815568,4.99256
1.816568,4.99256
1.817568,5.02577
1.818568,4.99256
1.819568,4.99256
1.820568,4.99256
1.821568,4.99256
1.822568,4.99256
1.823568,4.99256
1.824568,4.95935
1.825568,4.99256
1.826568,5.02577
1.827568,4.99256
1.828568,4.99256
1.829568,4.95935
1.830568,4.99256
1.831568,5.02577
1.832568,4.99256
1.833568,4.99256
1.834568,4.99256
1.835568,4.99256
1.836568,4.99256
1.837568,4.99256
1.838568,4.99256
1.839568,4.99256
1.840568,4.99256
1.841568,4.99256
1.842568,4.99256
1.843568,5.02577
1.844568,4.99256
1.845568,4.99256
1.846568,4.99256
1.847568,4.99256
1.848568,4.95935
1.849568,5.02577
1.850568,4.99256
1.851568,4.99256
1.852568,4.99256
1.853568,4.99256
1.854568,5.02577
1.855568,5.02577
1.856568,4.99256
1.857568,4.99256
1.858568,5.02577
1.859568,4.95935
1.860568,4.99256
1.861568,4.99256
1.862568,4.99256
1.863568,4.92614
1.864568,4.99256
1.865568,4.95935
1.866568,4.95935
1.867568,4.99256
1.868568,4.99256
1.869568,4.99256
1.870568,4.99256
1.871568,4.92614
1.872568,4.95935
1.873568,4.99256
1.874568,4.99256
1.875568,4.92614
1.876568,5.02577
1.877568,4.99256
1.878568,4.99256
1.879568,4.99256
1.880568,4.99256
1.881568,4.99256
1.882568,0.110786
1.883568,0.077577
1.884568,0.110786
1.885568,0.077577
1.886568,0.0443677
1.887568,0.077577
1.888568,0.077577
1.889568,0.0111583
1.890568,0.077577
1.891568,0.0111583
1.892568,0.0111583
1.893568,0.0443677
1.894568,0.0111583
1.895568,0.0443677
1.896568,0.0443677
1.897568,0.0111583
1.898568,0.0111583
1.899568,0.0443677
1.900568,0.0443677
1.901568,0.0443677
1.902568,0.0443677
1.903568,0.0111583
1.904568,0.0111583
1.905568,4.89293
1.906568,4.92614
1.907568,4.95935
1.908568,4.92614
1.909568,4.95935
1.910568,4.99256
1.911568,4.95935
1.912568,4.92614
1.913568,4.92614
1.914568,4.95935
1.915568,4.92614
1.916568,4.99256
1.917568,4.95935
1.918568,4.99256
1.919568,4.99256
1.920568,4.99256
1.921568,4.95935
1.922568,4.99256
1.923568,4.95935
1.924568,4.99256
1.925568,4.95935
1.926568,4.99256
1.927568,5.02577
1.928568,4.95935
1.929568,4.99256
1.930568,5.02577
1.931568,4.99256
1.932568,4.99256
1.933568,4.99256
1.934568,4.95935
1.935568,4.99256
1.936568,4.95935
1.937568,4.99256
1.938568,4.99256
1.939568,4.99256
1.940568,5.02577
1.941568,4.99256
1.942568,4.99256
1.943568,4.95935
1.944568,4.99256
1.945568,4.99256
1.946568,5.02577
1.947568,4.99256
1.948568,4.99256
1.949568,4.99256
1.950568,4.99256
1.951568,5.02577
1.952568,4.99256
1.953568,4.99256
1.954568,4.99256
1.955568,4.99256
1.956568,4.95935
1.957568,5.02577
1.958568,4.99256
1.959568,5.02577
1.960568,4.99256
1.961568,4.99256
1.962568,4.99256
1.963568,5.02577
1.964568,5.02577
1.965568,4.99256
1.966568,4.95935
1.967568,4.99256
1.968568,4.99256
1.969568,4.95935
1.970568,5.05898
1.971568,4.99256
1.972568,4.99256
1.973568,4.99256
1.974568,5.02577
1.975568,4.99256
1.976568,4.99256
1.977568,4.99256
1.978568,4.99256
1.979568,4.99256
1.980568,4.99256
1.981568,5.02577
1.982568,4.92614
1.983568,4.99256
1.984568,4.95935
1.985568,4.99256
1.986568,4.99256
1.987568,5.02577
1.988568,4.99256
1.989568,4.99256
1.990568,4.95935
1.991568,4.99256
1.992568,4.99256
1.993568,4.99256
1.994568,5.02577
1.995568,4.95935
1.996568,4.99256
1.997568,4.99256
1.998568,5.05898
1.999568,4.99256
2.000568,4.99256
2.001568,4.99256
2.002568,4.99256
2.003568,4.99256
2.004568,4.99256
2.005568,4.99256
2.006568,4.99256
2.007568,5.02577
2.008568,5.02577
2.009568,5.02577
2.010568,4.99256
2.011568,5.02577
2.012568,4.99256
2.013568,5.02577
2.014568,4.99256
2.015568,5.02577
2.016568,4.99256
2.017568,4.99256
2.018568,4.99256
2.019568,4.92614
2.020568,4.99256
2.021568,4.99256
2.022568,4.99256
2.023568,4.99256
2.024568,4.99256
2.025568,4.99256
2.026568,4.99256
2.027568,5.02577
2.028568,4.99256
2.029568,5.02577
2.030568,4.99256
2.031568,4.99256
2.032568,4.99256
2.033568,4.99256
2.034568,4.99256
2.035568,5.02577
2.036568,4.99256
2.037568,5.05898
2.038568,4.99256
2.039568,4.95935
2.040568,4.99256
2.041568,4.99256
2.042568,4.95935
2.043568,5.05898
2.044568,4.95935
2.045568,5.02577
2.046568,4.99256
2.047568,4.99256
2.048568,5.02577
2.049568,4.99256
2.050568,4.99256
2.051568,4.99256
2.052568,4.99256
2.053568,4.99256
2.054568,4.99256
2.055568,4.99256
2.056568,4.99256
2.057568,4.99256
2.058568,5.02577
2.059568,4.99256
2.060568,4.99256
2.061568,5.02577
2.062568,4.95935
2.063568,4.95935
2.064568,4.99256
2.065568,4.99256
2.066568,5.02577
2.067568,4.99256
2.068568,4.99256
2.069568,4.99256
2.070568,4.99256
2.071568,4.99256
2.072568,4.99256
2.073568,4.99256
2.074568,4.99256
2.075568,4.99256
2.076568,4.95935
2.077568,5.05898
2.078568,5.02577
2.079568,4.99256
2.080568,4.92614
2.081568,4.99256
2.082568,4.99256
2.083568,5.02577
2.084568,4.99256
2.085568,4.99256
2.086568,4.99256
2.087568,5.02577
2.088568,4.99256
2.089568,4.99256
2.090568,5.02577
2.091568,5.02577
2.092568,5.02577
2.093568,4.99256
2.094568,4.99256
2.095568,4.99256
2.096568,4.99256
2.097568,0.110786
2.098568,0.077577
2.099568,0.077577
2.100568,0.0443677
2.101568,0.077577
2.102568,0.0443677
2.103568,0.0443677
2.104568,0.077577
2.105568,0.077577
2.106568,0.0443677
2.107568,0.0111583
2.108568,0.0443677
2.109568,0.0111583
2.110568,0.0111583
2.111568,-0.022051
2.112568,-0.022051
2.113568,0.0111583
2.114568,0.0111583
2.115568,0.0111583
2.116568,0.0443677
2.117568,0.0111583
2.118568,0.0111583
2.119568,0.0443677
2.120568,0.0111583
2.121568,0.0111583
2.122568,0.0111583
2.123568,0.0443677
2.124568,0.0111583
2.125568,0.0111583
2.126568,0.077577
2.127568,0.0111583
2.128568,0.0443677
2.129568,0.0111583
2.130568,0.0111583
2.131568,0.0111583
2.132568,0.0111583
2.133568,0.0111583
2.134568,0.0111583
2.135568,0.0111583
2.136568,0.0111583
2.137568,4.85972
2.138568,4.92614
2.139568,4.92614
2.140568,4.95935
2.141568,4.92614
2.142568,4.92614
2.143568,4.95935
2.144568,4.95935
2.145568,4.92614
2.146568,4.95935
2.147568,4.99256
2.148568,4.95935
2.149568,4.99256
2.150568,4.95935
2.151568,4.99256
2.152568,4.99256
2.153568,4.99256
2.154568,4.99256
2.155568,4.99256
2.156568,4.99256
2.157568,4.99256
2.158568,4.99256
2.159568,4.99256
2.160568,4.92614
2.161568,4.99256
2.162568,4.99256
2.163568,4.99256
2.164568,4.99256
2.165568,4.99256
2.166568,4.99256
2.167568,4.99256
2.168568,4.99256
2.169568,5.02577
2.170568,4.95935
2.171568,5.02577
2.172568,4.95935
2.173568,5.02577
2.174568,4.95935
2.175568,4.95935
2.176568,4.99256
2.177568,4.99256
2.178568,4.99256
2.179568,4.92614
2.180568,4.99256
2.181568,4.99256
2.182568,5.02577
2.183568,4.92614
2.184568,4.99256
2.185568,5.02577
2.186568,4.99256
2.187568,4.99256
2.188568,0.210414
2.189568,0.077577
2.190568,0.143996
2.191568,0.110786
2.192568,0.0443677
2.193568,0.077577
2.194568,0.0443677
2.195568,0.077577
2.196568,0.0443677
2.197568,0.0111583
2.198568,0.0443677
2.199568,0.0443677
2.200568,0.0443677
2.201568,0.0111583
2.202568,0.0111583
2.203568,0.0111583
2.204568,0.0443677
2.205568,-0.022051
2.206568,0.0443677
2.207568,0.0111583
2.208568,0.0111583
2.209568,0.0111583
2.210568,0.0443677
2.211568,0.0111583
2.212568,0.0111583
2.213568,0.0111583
2.214568,0.0111583
2.215568,-0.022051
2.216568,0.0111583
2.217568,0.0111583
2.218568,0.0443677
2.219568,0.0443677
2.220568,-0.022051
2.221568,0.0111583
2.222568,0.0443677
2.223568,0.0111583
2.224568,0.0111583
2.225568,0.0111583
2.226568,0.0443677
2.227568,0.0111583
2.228568,0.0443677
2.229568,0.0443677
2.230568,0.0111583
2.231568,0.0111583
2.232568,0.0111583
2.233568,0.0111583
2.234568,0.0111583
2.235568,0.0111583
2.236568,0.0111583
2.237568,0.0111583
2.238568,0.0443677
2.239568,0.0111583
2.240568,0.0111583
2.241568,0.0443677
2.242568,0.0443677
2.243568,0.0111583
2.244568,-0.022051
2.245568,0.0111583
2.246568,0.0111583
2.247568,0.0443677
2.248568,-0.022051
2.249568,0.0443677
2.250568,0.0111583
2.251568,0.0443677
2.252568,0.0111583
2.253568,0.0111583
2.254568,-0.022051
2.255568,0.0111583
2.256568,-0.022051
2.257568,-0.022051
2.258568,0.0111583
2.259568,0.0443677
2.260568,0.0111583
2.261568,0.0111583
2.262568,-0.022051
2.263568,0.0111583
2.264568,0.0111583
2.265568,0.0111583
2.266568,0.0111583
2.267568,0.0111583
2.268568,0.0443677
2.269568,-0.022051
2.270568,0.0111583
2.271568,0.0111583
2.272568,0.0111583
2.273568,0.0111583
2.274568,0.0111583
2.275568,0.0111583
2.276568,0.0443677
2.277568,0.0443677
2.278568,0.0111583
2.279568,0.0111583
2.280568,0.0443677
2.281568,0.0111583
2.282568,0.0111583
2.283568,0.0111583
2.284568,0.0111583
2.285568,0.0111583
2.286568,0.0443677
2.287568,-0.022051
2.288568,-0.022051
2.289568,0.0111583
2.290568,-0.022051
2.291568,0.0111583
2.292568,0.0111583
2.293568,0.0111583
2.294568,0.0111583
2.295568,0.0111583
2.296568,0.0111583
2.297568,0.0111583
2.298568,0.077577
2.299568,0.0443677
2.300568,0.0111583
2.301568,0.0111583
2.302568,0.0111583
2.303568,0.0111583
2.304568,0.0111583
2.305568,0.0111583
2.306568,0.0443677
2.307568,0.0111583
2.308568,0.0443677
2.309568,0.0111583
2.310568,0.0111583
2.311568,0.0111583
2.312568,0.0111583
2.313568,0.077577
2.314568,0.0111583
2.315568,-0.022051
2.316568,4.85972
2.317568,4.89293
2.318568,4.95935
2.319568,4.92614
2.320568,4.92614
2.321568,4.92614
2.322568,4.99256
2.323568,4.99256
2.324568,4.95935
2.325568,4.95935
2.326568,4.99256
2.327568,4.99256
2.328568,4.99256
2.329568,4.95935
2.330568,4.99256
2.331568,4.92614
2.332568,4.99256
2.333568,4.95935
2.334568,4.99256
2.335568,0.0443677
2.336568,0.077577
2.337568,0.0111583
2.338568,0.077577
2.339568,0.077577
2.340568,0.0443677
2.341568,0.0443677
2.342568,0.0443677
2.343568,0.0443677
2.344568,0.0443677
2.345568,0.077577
2.346568,0.0443677
2.347568,0.0111583
2.348568,0.0443677
2.349568,0.0111583
2.350568,0.0111583
2.351568,0.0111583
2.352568,0.0111583
2.353568,0.0443677
2.354568,0.0111583
2.355568,0.0443677
2.356568,-0.022051
2.357568,-0.022051
2.358568,0.0111583
2.359568,0.0111583
2.360568,0.0443677
2.361568,0.0111583
2.362568,0.0111583
2.363568,0.0111583
2.364568,0.0111583
2.365568,0.0111583
2.366568,0.0111583
2.367568,-0.022051
2.368568,0.0111583
2.369568,0.0443677
2.370568,0.0443677
2.371568,0.0111583
2.372568,0.0111583
2.373568,0.0111583
2.374568,0.0111583
2.375568,0.0111583
2.376568,4.92614
2.377568,4.92614
2.378568,4.92614
2.379568,4.95935
2.380568,4.95935
2.381568,4.92614
2.382568,4.95935
2.383568,4.99256
2.384568,4.92614
2.385568,4.99256
2.386568,4.99256
2.387568,4.99256
2.388568,4.99256
2.389568,4.95935
2.390568,4.99256
2.391568,4.99256
2.392568,4.95935
2.393568,4.95935
2.394568,4.99256
2.395568,4.99256
2.396568,4.99256
2.397568,5.02577
2.398568,4.99256
2.399568,4.99256
2.400568,4.99256
2.401568,4.99256
2.402568,4.99256
2.403568,4.99256
2.404568,4.99256
2.405568,4.99256
2.406568,4.95935
2.407568,4.99256
2.408568,5.02577
2.409568,4.95935
2.410568,4.99256
2.411568,4.99256
2.412568,5.02577
2.413568,4.99256
2.414568,4.92614
2.415568,4.99256
2.416568,4.99256
2.417568,4.99256
2.418568,5.02577
2.419568,4.99256
2.420568,4.99256
2.421568,4.95935
2.422568,4.99256
2.423568,5.02577
2.424568,4.99256
2.425568,5.02577
2.426568,4.99256
2.427568,4.99256
2.428568,5.02577
2.429568,4.99256
2.430568,4.99256
2.431568,4.99256
2.432568,4.99256
2.433568,4.99256
2.434568,5.05898
2.435568,4.99256
2.436568,4.99256
2.437568,4.99256
2.438568,4.95935
2.439568,4.95935
2.440568,5.02577
2.441568,4.99256
2.442568,4.99256
2.443568,4.95935
2.444568,4.99256
2.445568,4.99256
2.446568,5.02577
2.447568,4.99256
2.448568,4.99256
2.449568,4.99256
2.450568,4.99256
2.451568,4.99256
2.452568,4.95935
2.453568,4.99256
2.454568,4.99256
2.455568,4.99256
2.456568,4.99256
2.457568,4.92614
2.458568,4.99256
2.459568,4.99256
2.460568,5.02577
2.461568,4.99256
2.462568,4.99256
2.463568,5.02577
2.464568,4.99256
2.465568,5.02577
2.466568,4.99256
2.467568,4.99256
2.468568,4.99256
2.469568,4.99256
2.470568,4.99256
2.471568,4.99256
2.472568,4.99256
2.473568,4.99256
2.474568,5.02577
2.475568,4.99256
2.476568,4.99256
2.477568,4.99256
2.478568,4.99256
2.479568,4.99256
2.480568,4.99256
2.481568,4.99256
2.482568,4.99256
2.483568,4.95935
2.484568,4.95935
2.485568,5.02577
2.486568,4.99256
2.487568,4.99256
2.488568,4.99256
2.489568,4.99256
2.490568,5.02577
2.491568,4.99256
2.492568,5.02577
2.493568,5.02577
2.494568,4.99256
2.495568,4.99256
2.496568,4.99256
2.497568,4.99256
2.498568,4.99256
2.499568,4.95935
2.500568,4.95935
